experiment,site,year,timing,crop,plot,bottle code,Product,Date,Time,InstrumentSerialNumber,Dry matter,Protein Dry basis,ICP As is,ADF Dry basis,NDF Dry basis,Fat Dry basis,Ash Dry basis,Lignin Dry basis,NDFICP Dry basis,Insoluble matter Dry basis,Sugar Dry basis,NDFD48 As is,Calcium Dry basis,Chlorine Dry basis,Potassium Dry basis,Magnesium Dry basis,Phosphorus Dry basis,Sulfur Dry basis,Dry matter M-Distance,Protein Dry basis M-Distance,ICP As is M-Distance,ADF Dry basis M-Distance,NDF Dry basis M-Distance,Fat Dry basis M-Distance,Ash Dry basis M-Distance,Lignin Dry basis M-Distance,NDFICP Dry basis M-Distance,Insoluble matter Dry basis M-Distance,Sugar Dry basis M-Distance,NDFD48 As is M-Distance,Calcium Dry basis M-Distance,Chlorine Dry basis M-Distance,Potassium Dry basis M-Distance,Magnesium Dry basis M-Distance,Phosphorus Dry basis M-Distance,Sulfur Dry basis M-Distance,,,,,,,,,,,,,,,,,,,,,,,,,,,,,,,,,,,,,,,,,,,,,,,,,,,,,,,,,,,,,,,,,,,,,,,,,,,,,,,,,,,,,,,,,,,,,,,,,,,,,,,,,,,,,,,,,,,,,,,,,,,,,,,,,,,,,
Mob Graze,Morris,2017,spring.pregraze,iwg,101,72307,Hay (Small Cup),43186,0.3740625,,96.08,21.07,0.32,27.5,47.72,2.02,10.35,0.37,1.82,20.18,6.32,88.91,0.66,0.69,3.33,0.2,0.36,0.28,,,,,,,,,,3.97,2.83,2.74,2.4,2.65,2.05,3.46,8.35,3.77,3.37,2.24,8.91,2.55,6.45,2.83,2.34,2.37,1.29,,,,,,,,,,,,,,,,,,,,,,,,,,,,,,,,,,,,,,,,,,,,,,,,,,,,,,,,,,,,,,,,,,,,,,,,,,,,,,,,,,,,,,,,,,,,,,,,,,,,,,,,,,,,,,,,,,,,,,,,,,,,
Mob Graze,Morris,2017,spring.pregraze,iwg,102,72308,Hay (Small Cup),43186,0.3706018519,,95.69,18.48,0.29,28.82,50.25,1.99,9.82,0.51,1.63,18.04,6.24,83.54,0.6,0.53,3.16,0.2,0.33,0.26,,,,,,,,,,3.72,2.6,2.45,2.13,2.39,1.85,3.25,7.83,3.56,2.64,2.08,8.4,2.27,5.85,2.47,2.09,2.09,1.03,,,,,,,,,,,,,,,,,,,,,,,,,,,,,,,,,,,,,,,,,,,,,,,,,,,,,,,,,,,,,,,,,,,,,,,,,,,,,,,,,,,,,,,,,,,,,,,,,,,,,,,,,,,,,,,,,,,,,,,,,,,,
Mob Graze,Morris,2017,spring.pregraze,iwg,103,72309,Hay (Small Cup),43186,0.3757638889,,93.37,20.24,0.35,26.71,47.77,1.93,11.81,-0.55,1.57,18.07,8.7,93.54,0.51,0.28,3.34,0.19,0.34,0.25,,,,,,,,,,3.36,2.55,2.6,2.51,2.59,1.82,2.9,7.13,3.48,2.17,2.41,6.91,4.32,9.48,4.36,3.57,3.08,1.41,,,,,,,,,,,,,,,,,,,,,,,,,,,,,,,,,,,,,,,,,,,,,,,,,,,,,,,,,,,,,,,,,,,,,,,,,,,,,,,,,,,,,,,,,,,,,,,,,,,,,,,,,,,,,,,,,,,,,,,,,,,,
Mob Graze,Morris,2017,spring.pregraze,iwg,104,72310,Hay (Small Cup),43186,0.3801041667,,95.98,20.52,0.29,28.16,49.04,2,10.16,0.44,1.82,19.54,5.81,85.99,0.62,0.5,3.37,0.18,0.35,0.27,,,,,,,,,,3.36,2.57,2.57,2.54,2.58,1.82,2.91,6.95,3.52,2.14,2.34,7.24,4.36,9.29,4.35,3.61,3.11,1.34,,,,,,,,,,,,,,,,,,,,,,,,,,,,,,,,,,,,,,,,,,,,,,,,,,,,,,,,,,,,,,,,,,,,,,,,,,,,,,,,,,,,,,,,,,,,,,,,,,,,,,,,,,,,,,,,,,,,,,,,,,,,
Mob Graze,Morris,2017,spring.pregraze,iwg,205,72311,Hay (Small Cup),43186,0.3816550926,,93.43,20.07,0.36,26,45.68,1.9,11.04,0.71,1.23,17.82,8.68,83.48,0.58,0.08,3.33,0.18,0.32,0.25,,,,,,,,,,3.76,2.65,2.61,2.29,2.42,1.96,3.24,7.77,3.52,3.29,2.04,8.71,2.51,6.35,2.79,2.3,2.33,1.27,,,,,,,,,,,,,,,,,,,,,,,,,,,,,,,,,,,,,,,,,,,,,,,,,,,,,,,,,,,,,,,,,,,,,,,,,,,,,,,,,,,,,,,,,,,,,,,,,,,,,,,,,,,,,,,,,,,,,,,,,,,,
Mob Graze,Morris,2017,spring.pregraze,iwg,206,72312,Hay (Small Cup),43186,0.3832986111,,93.4,22.04,0.32,24.07,41.68,2.03,10.53,0.03,1.07,19.45,9.39,81.66,0.65,0.18,3.25,0.21,0.34,0.27,,,,,,,,,,3.07,2.28,2.23,1.98,2.26,1.67,2.86,5.35,3.14,1.86,2,5.03,2.55,6.26,2.48,2.14,1.97,1.1,,,,,,,,,,,,,,,,,,,,,,,,,,,,,,,,,,,,,,,,,,,,,,,,,,,,,,,,,,,,,,,,,,,,,,,,,,,,,,,,,,,,,,,,,,,,,,,,,,,,,,,,,,,,,,,,,,,,,,,,,,,,
Mob Graze,Morris,2017,spring.pregraze,iwg,207,72313,Hay (Small Cup),43186,0.385474537,,96.2,19.76,0.32,28.24,49.1,1.98,10.1,0.82,1.67,18.99,5.83,85.37,0.63,0.48,3.15,0.2,0.34,0.26,,,,,,,,,,3.1,2.22,2.06,1.72,2.2,1.66,2.66,7.6,2.86,2.04,1.92,4,2.05,4.99,2.06,1.81,1.71,1.01,,,,,,,,,,,,,,,,,,,,,,,,,,,,,,,,,,,,,,,,,,,,,,,,,,,,,,,,,,,,,,,,,,,,,,,,,,,,,,,,,,,,,,,,,,,,,,,,,,,,,,,,,,,,,,,,,,,,,,,,,,,,
Mob Graze,Morris,2017,spring.pregraze,iwg,208,72314,Hay (Small Cup),43186,0.3870023148,,95.88,19.09,0.29,29.49,50.22,1.96,9.97,0.85,1.66,18.51,6.07,82.92,0.63,0.43,3.07,0.19,0.33,0.26,,,,,,,,,,3.86,2.73,2.65,2.34,2.51,1.97,3.42,7.87,3.71,2.95,2.11,9.43,2.57,6.14,2.86,2.28,2.28,1.21,,,,,,,,,,,,,,,,,,,,,,,,,,,,,,,,,,,,,,,,,,,,,,,,,,,,,,,,,,,,,,,,,,,,,,,,,,,,,,,,,,,,,,,,,,,,,,,,,,,,,,,,,,,,,,,,,,,,,,,,,,,,
Mob Graze,Morris,2017,spring.pregraze,iwg,301,72315,Hay (Small Cup),43186,0.3884143519,,96.42,21.07,0.38,28.47,47.47,1.9,10.76,1.18,1.81,20.62,5.4,85.75,0.74,0.38,3.1,0.21,0.34,0.28,,,,,,,,,,3.79,2.66,2.65,2.34,2.48,1.92,3.29,7.09,3.65,2.89,2.13,9.31,2.53,6.51,2.77,2.24,2.23,1.12,,,,,,,,,,,,,,,,,,,,,,,,,,,,,,,,,,,,,,,,,,,,,,,,,,,,,,,,,,,,,,,,,,,,,,,,,,,,,,,,,,,,,,,,,,,,,,,,,,,,,,,,,,,,,,,,,,,,,,,,,,,,
Mob Graze,Morris,2017,spring.pregraze,iwg,302,72316,Hay (Small Cup),43186,0.3897337963,,95.99,21.35,0.35,27.85,48.03,1.99,10.48,0.42,1.94,20.46,5.89,85.78,0.66,0.46,3.3,0.2,0.36,0.28,,,,,,,,,,3.92,2.79,2.92,2.67,2.63,2.08,3.59,7.81,3.95,3.34,2.17,9.9,2.89,6.99,3.3,2.53,2.46,1.35,,,,,,,,,,,,,,,,,,,,,,,,,,,,,,,,,,,,,,,,,,,,,,,,,,,,,,,,,,,,,,,,,,,,,,,,,,,,,,,,,,,,,,,,,,,,,,,,,,,,,,,,,,,,,,,,,,,,,,,,,,,,
Mob Graze,Morris,2017,spring.pregraze,iwg,303,72317,Hay (Small Cup),43186,0.3913541667,,92.98,22.4,0.42,25.22,42.94,2.01,10.53,0.59,1.2,19.82,8.38,77.31,0.67,0.36,3.36,0.19,0.35,0.28,,,,,,,,,,4.08,2.91,2.79,2.6,2.68,2.09,3.57,8,3.87,3.38,2.29,9.7,2.82,7.19,3.17,2.49,2.46,1.31,,,,,,,,,,,,,,,,,,,,,,,,,,,,,,,,,,,,,,,,,,,,,,,,,,,,,,,,,,,,,,,,,,,,,,,,,,,,,,,,,,,,,,,,,,,,,,,,,,,,,,,,,,,,,,,,,,,,,,,,,,,,
Mob Graze,Morris,2017,spring.pregraze,iwg,304,72318,Hay (Small Cup),43186,0.3928703704,,96.17,21.34,0.33,28.03,47.6,1.96,10.73,0.81,1.81,20.27,5.66,85.97,0.68,0.6,3.41,0.19,0.35,0.28,,,,,,,,,,3.25,2.25,1.87,1.78,2.15,1.65,2.63,8.52,2.77,2.12,1.84,3.59,2.01,4.56,2.08,1.98,1.79,1.19,,,,,,,,,,,,,,,,,,,,,,,,,,,,,,,,,,,,,,,,,,,,,,,,,,,,,,,,,,,,,,,,,,,,,,,,,,,,,,,,,,,,,,,,,,,,,,,,,,,,,,,,,,,,,,,,,,,,,,,,,,,,
Mob Graze,Morris,2017,spring.pregraze,alf,101,72319,Hay (Small Cup),43186,0.3946527778,,93.93,19.71,0.18,25.74,45.42,2.08,10.24,-0.24,1.05,17.44,8.45,83.48,0.55,0.42,3.55,0.18,0.34,0.26,,,,,,,,,,3.98,2.86,2.78,2.53,2.65,2.1,3.71,8.05,3.84,3.4,2.19,8.65,2.66,6.56,2.9,2.42,2.43,1.33,,,,,,,,,,,,,,,,,,,,,,,,,,,,,,,,,,,,,,,,,,,,,,,,,,,,,,,,,,,,,,,,,,,,,,,,,,,,,,,,,,,,,,,,,,,,,,,,,,,,,,,,,,,,,,,,,,,,,,,,,,,,
Mob Graze,Morris,2017,spring.pregraze,alf,104,72320,Hay (Small Cup),43186,0.398125,,93.39,17.94,0.25,27.76,49.53,1.84,11.15,0.44,1.55,16.27,8.8,87.13,0.44,-0.07,3.41,0.15,0.32,0.23,,,,,,,,,,3.34,2.38,2.07,1.74,2.25,1.63,2.83,7.81,3.07,1.97,1.98,4.85,2.1,4.98,2.14,2.02,1.78,0.88,,,,,,,,,,,,,,,,,,,,,,,,,,,,,,,,,,,,,,,,,,,,,,,,,,,,,,,,,,,,,,,,,,,,,,,,,,,,,,,,,,,,,,,,,,,,,,,,,,,,,,,,,,,,,,,,,,,,,,,,,,,,
Mob Graze,Morris,2017,spring.pregraze,alf,205,72321,Hay (Small Cup),43186,0.4000694444,,95.91,21.61,0.31,28.14,47.23,1.96,10.31,0.83,2.01,20.47,5.77,82.05,0.69,0.46,3.46,0.19,0.36,0.28,,,,,,,,,,3.08,2.32,2.56,2.51,2.25,1.72,2.81,6.36,3.24,1.75,2.05,5.85,3.73,8.18,3.46,3.03,2.72,1.37,,,,,,,,,,,,,,,,,,,,,,,,,,,,,,,,,,,,,,,,,,,,,,,,,,,,,,,,,,,,,,,,,,,,,,,,,,,,,,,,,,,,,,,,,,,,,,,,,,,,,,,,,,,,,,,,,,,,,,,,,,,,
Mob Graze,Morris,2017,spring.pregraze,alf,207,72322,Hay (Small Cup),43186,0.4016782407,,93.47,18.91,0.16,26.63,46.29,2.02,8.91,0.25,0.94,16.36,8.83,74.46,0.5,0.25,3.41,0.16,0.32,0.25,,,,,,,,,,3.52,2.52,2.55,2.33,2.3,1.93,3.11,8.16,3.23,3.26,1.91,7.87,2.43,5.98,2.65,2.27,2.24,1.31,,,,,,,,,,,,,,,,,,,,,,,,,,,,,,,,,,,,,,,,,,,,,,,,,,,,,,,,,,,,,,,,,,,,,,,,,,,,,,,,,,,,,,,,,,,,,,,,,,,,,,,,,,,,,,,,,,,,,,,,,,,,
Mob Graze,Morris,2017,spring.pregraze,alf,301,72323,Hay (Small Cup),43186,0.4035300926,,93.48,21.24,0.26,24.49,43.27,2.16,9.44,0.96,0.87,17.88,8.71,81.47,0.6,0.56,3.52,0.2,0.34,0.27,,,,,,,,,,2.73,1.96,1.89,1.57,1.79,1.59,2.37,8.45,2.42,1.76,1.54,2.79,1.88,3.53,1.82,1.91,1.71,0.9,,,,,,,,,,,,,,,,,,,,,,,,,,,,,,,,,,,,,,,,,,,,,,,,,,,,,,,,,,,,,,,,,,,,,,,,,,,,,,,,,,,,,,,,,,,,,,,,,,,,,,,,,,,,,,,,,,,,,,,,,,,,
Mob Graze,Morris,2017,spring.pregraze,alf,304,72324,Hay (Small Cup),43186,0.4050694444,,93.54,23.15,0.23,22.51,38.17,2.15,9.63,0.31,0.79,19.83,9.66,79.78,0.72,0.69,3.49,0.21,0.35,0.29,,,,,,,,,,2.92,2.12,1.93,1.63,2.06,1.68,2.42,8.48,2.55,1.98,1.78,3.56,1.91,3.64,1.9,1.85,1.73,0.89,,,,,,,,,,,,,,,,,,,,,,,,,,,,,,,,,,,,,,,,,,,,,,,,,,,,,,,,,,,,,,,,,,,,,,,,,,,,,,,,,,,,,,,,,,,,,,,,,,,,,,,,,,,,,,,,,,,,,,,,,,,,
Mob Graze,Morris,2017,fall.pregraze,iwg,103,72290,,,,,95.02,3.34,0.42,41.22,69.91,1.26,10.76,2.75,-0.06,2.33,4.3,52.31,0.39,0.7,0.72,0.09,0.06,0.1,,,,,,,,,,2.96,2.15,2.26,1.82,2.18,1.62,2.5,7.49,2.86,2.06,1.95,4.91,2.61,5.88,2.55,2.21,2.02,1.19,,,,,,,,,,,,,,,,,,,,,,,,,,,,,,,,,,,,,,,,,,,,,,,,,,,,,,,,,,,,,,,,,,,,,,,,,,,,,,,,,,,,,,,,,,,,,,,,,,,,,,,,,,,,,,,,,,,,,,,,,,,,
Mob Graze,Morris,2017,fall.pregraze,iwg,104,72291,,,,,95.7,3.26,0.26,43.22,75.79,1.27,7.54,4.15,0.21,1.12,5.11,45.36,0.21,0.06,0.63,0.02,0.05,0.09,,,,,,,,,,,,,,,,,,,,,,,,,,,,,,,,,,,,,,,,,,,,,,,,,,,,,,,,,,,,,,,,,,,,,,,,,,,,,,,,,,,,,,,,,,,,,,,,,,,,,,,,,,,,,,,,,,,,,,,,,,,,,,,,,,,,,,,,,,,,,,,,,,,,,,,
Mob Graze,Morris,2017,fall.pregraze,alf,104,72292,,,,,95.15,16.74,0.29,26.14,35.34,1.47,11.39,3.47,0.27,17.31,4.81,53.75,1.49,0.56,1.74,0.32,0.17,0.24,,,,,,,,,,,,,,,,,,,,,,,,,,,,,,,,,,,,,,,,,,,,,,,,,,,,,,,,,,,,,,,,,,,,,,,,,,,,,,,,,,,,,,,,,,,,,,,,,,,,,,,,,,,,,,,,,,,,,,,,,,,,,,,,,,,,,,,,,,,,,,,,,,,,,,,
Mob Graze,Morris,2017,fall.pregraze,iwg,105,72293,,,,,96.52,1.69,0.42,48.72,81.39,1.03,7.78,5.6,0.19,-0.94,3.11,44.52,0.09,0,0.44,-0.04,0.03,0.07,,,,,,,,,,,,,,,,,,,,,,,,,,,,,,,,,,,,,,,,,,,,,,,,,,,,,,,,,,,,,,,,,,,,,,,,,,,,,,,,,,,,,,,,,,,,,,,,,,,,,,,,,,,,,,,,,,,,,,,,,,,,,,,,,,,,,,,,,,,,,,,,,,,,,,,
Mob Graze,Morris,2017,fall.pregraze,iwg,106,72294,,,,,95.97,2.12,0.36,47.86,78.93,1.05,8.74,4.48,0.13,-0.46,1.94,44.25,0.3,0.62,0.59,0,0.02,0.07,,,,,,,,,,,,,,,,,,,,,,,,,,,,,,,,,,,,,,,,,,,,,,,,,,,,,,,,,,,,,,,,,,,,,,,,,,,,,,,,,,,,,,,,,,,,,,,,,,,,,,,,,,,,,,,,,,,,,,,,,,,,,,,,,,,,,,,,,,,,,,,,,,,,,,,
Mob Graze,Morris,2017,fall.pregraze,alf,106,72295,,,,,94.35,20.35,0.33,21.2,28.61,1.61,13.16,2.64,0.35,21.99,4.3,60.26,1.72,0.79,1.94,0.37,0.2,0.28,,,,,,,,,,,,,,,,,,,,,,,,,,,,,,,,,,,,,,,,,,,,,,,,,,,,,,,,,,,,,,,,,,,,,,,,,,,,,,,,,,,,,,,,,,,,,,,,,,,,,,,,,,,,,,,,,,,,,,,,,,,,,,,,,,,,,,,,,,,,,,,,,,,,,,,
Mob Graze,Morris,2017,fall.pregraze,iwg,201,72296,,,,,95.21,2.19,0.33,45.51,75.86,1.2,8.88,4.85,0.19,-0.23,3.76,59.03,0.2,0.45,0.26,0.06,0.04,0.04,,,,,,,,,,,,,,,,,,,,,,,,,,,,,,,,,,,,,,,,,,,,,,,,,,,,,,,,,,,,,,,,,,,,,,,,,,,,,,,,,,,,,,,,,,,,,,,,,,,,,,,,,,,,,,,,,,,,,,,,,,,,,,,,,,,,,,,,,,,,,,,,,,,,,,,
Mob Graze,Morris,2017,fall.pregraze,iwg,202,72297,,,,,95.6,2.29,0.48,46.32,73.88,1.1,9.86,4.64,0.01,1.4,2.75,51.94,0.45,0.55,0.21,0.09,0.03,0.07,,,,,,,,,,,,,,,,,,,,,,,,,,,,,,,,,,,,,,,,,,,,,,,,,,,,,,,,,,,,,,,,,,,,,,,,,,,,,,,,,,,,,,,,,,,,,,,,,,,,,,,,,,,,,,,,,,,,,,,,,,,,,,,,,,,,,,,,,,,,,,,,,,,,,,,
Mob Graze,Morris,2017,fall.pregraze,alf,202,72298,,,,,91.91,12.9,0.52,32.28,46.81,1.59,12.2,1.42,1.69,12.83,6.46,96.91,0.94,0.21,2.52,0.38,0.23,0.14,,,,,,,,,,,,,,,,,,,,,,,,,,,,,,,,,,,,,,,,,,,,,,,,,,,,,,,,,,,,,,,,,,,,,,,,,,,,,,,,,,,,,,,,,,,,,,,,,,,,,,,,,,,,,,,,,,,,,,,,,,,,,,,,,,,,,,,,,,,,,,,,,,,,,,,
Mob Graze,Morris,2017,fall.pregraze,iwg,207,72299,,,,,96.35,2.58,0.39,47.35,75.39,1.14,8.94,4.81,0,1.2,3.76,47.48,0.35,0.41,0.1,0.07,0.03,0.07,,,,,,,,,,,,,,,,,,,,,,,,,,,,,,,,,,,,,,,,,,,,,,,,,,,,,,,,,,,,,,,,,,,,,,,,,,,,,,,,,,,,,,,,,,,,,,,,,,,,,,,,,,,,,,,,,,,,,,,,,,,,,,,,,,,,,,,,,,,,,,,,,,,,,,,
Mob Graze,Morris,2017,fall.pregraze,alf,207,72300,,,,,94.46,20.57,0.35,21.8,27.77,1.59,13.34,2.6,0.35,22.08,4.53,57.95,1.77,0.77,1.94,0.39,0.2,0.28,,,,,,,,,,,,,,,,,,,,,,,,,,,,,,,,,,,,,,,,,,,,,,,,,,,,,,,,,,,,,,,,,,,,,,,,,,,,,,,,,,,,,,,,,,,,,,,,,,,,,,,,,,,,,,,,,,,,,,,,,,,,,,,,,,,,,,,,,,,,,,,,,,,,,,,
Mob Graze,Morris,2017,fall.pregraze,iwg,208,72301,,,,,95.34,4.04,0.39,42.93,71.32,1.16,10.96,3.19,0.2,3.35,2.51,54.2,0.43,0.75,0.74,0.06,0.06,0.1,,,,,,,,,,,,,,,,,,,,,,,,,,,,,,,,,,,,,,,,,,,,,,,,,,,,,,,,,,,,,,,,,,,,,,,,,,,,,,,,,,,,,,,,,,,,,,,,,,,,,,,,,,,,,,,,,,,,,,,,,,,,,,,,,,,,,,,,,,,,,,,,,,,,,,,
Mob Graze,Morris,2017,fall.pregraze,iwg,303,72302,,,,,96.15,2.72,0.38,46.12,77.41,1.15,9.05,4.19,0.04,0.65,2.44,47.82,0.28,0.11,0.45,0.04,0.04,0.08,,,,,,,,,,,,,,,,,,,,,,,,,,,,,,,,,,,,,,,,,,,,,,,,,,,,,,,,,,,,,,,,,,,,,,,,,,,,,,,,,,,,,,,,,,,,,,,,,,,,,,,,,,,,,,,,,,,,,,,,,,,,,,,,,,,,,,,,,,,,,,,,,,,,,,,
Mob Graze,Morris,2017,fall.pregraze,iwg,304,72303,,,,,95.92,3.76,0.29,44.29,73.94,1.3,8.68,4.42,0.3,2.16,5.15,44.5,0.37,0.49,0.64,0.06,0.05,0.1,,,,,,,,,,,,,,,,,,,,,,,,,,,,,,,,,,,,,,,,,,,,,,,,,,,,,,,,,,,,,,,,,,,,,,,,,,,,,,,,,,,,,,,,,,,,,,,,,,,,,,,,,,,,,,,,,,,,,,,,,,,,,,,,,,,,,,,,,,,,,,,,,,,,,,,
Mob Graze,Morris,2017,fall.pregraze,iwg,305,72304,,,,,97.27,1.63,0.37,49.86,84.85,1.26,6.96,5.56,-0.13,-1.66,2.24,42.92,0.12,0.24,0.26,0,0.02,0.06,,,,,,,,,,,,,,,,,,,,,,,,,,,,,,,,,,,,,,,,,,,,,,,,,,,,,,,,,,,,,,,,,,,,,,,,,,,,,,,,,,,,,,,,,,,,,,,,,,,,,,,,,,,,,,,,,,,,,,,,,,,,,,,,,,,,,,,,,,,,,,,,,,,,,,,
Mob Graze,Morris,2017,fall.pregraze,alf,305,72305,,,,,93.36,18.06,0.33,25.38,33.07,1.6,14.62,1.16,0.72,19.14,5.78,77.16,1.6,0.6,2.22,0.42,0.21,0.22,,,,,,,,,,,,,,,,,,,,,,,,,,,,,,,,,,,,,,,,,,,,,,,,,,,,,,,,,,,,,,,,,,,,,,,,,,,,,,,,,,,,,,,,,,,,,,,,,,,,,,,,,,,,,,,,,,,,,,,,,,,,,,,,,,,,,,,,,,,,,,,,,,,,,,,
Mob Graze,Morris,2017,fall.pregraze,iwg,306,72306,,,,,97.05,0.73,0.34,49.09,84.16,1.26,7.43,4.86,-0.14,-2.16,1.97,48.87,-0.01,0.25,0.38,-0.02,0.03,0.05,,,,,,,,,,,,,,,,,,,,,,,,,,,,,,,,,,,,,,,,,,,,,,,,,,,,,,,,,,,,,,,,,,,,,,,,,,,,,,,,,,,,,,,,,,,,,,,,,,,,,,,,,,,,,,,,,,,,,,,,,,,,,,,,,,,,,,,,,,,,,,,,,,,,,,,
Mob Graze,Morris,2018,spring.pregraze,iwg,101,80295,Hay (Small Cup),3/15/2019,13:29:09,1611154,93.75,11.9,0.06,34.96,64.62,1.92,8.69,0.64,1.63,9.61,5.14,78.72,0,0.98,4.01,0.03,0.32,0.19,4.24,3.54,2.57,2.39,3.11,2.29,3.79,6.84,4.09,2.9,2.74,10.34,3.08,8.41,3.17,2.86,3.2,1.17,,,,,,,,,,,,,,,,,,,,,,,,,,,,,,,,,,,,,,,,,,,,,,,,,,,,,,,,,,,,,,,,,,,,,,,,,,,,,,,,,,,,,,,,,,,,,,,,,,,,,,,,,,,,,,,,,,,,,,,,,,,,,,,,,,,,,
Mob Graze,Morris,2018,spring.pregraze,iwg,102,80296,Hay (Small Cup),3/15/2019,13:21:22,1611154,94.16,11,0.05,36.43,68.75,1.89,8.53,1.39,1.83,8.37,4.08,80.65,-0.07,1.15,4.02,0,0.31,0.18,4.49,3.9,2.94,2.6,3.45,2.43,4.27,7.24,4.48,3.26,3.08,15,3.43,9.33,3.42,3.04,3.71,1.29,,,,,,,,,,,,,,,,,,,,,,,,,,,,,,,,,,,,,,,,,,,,,,,,,,,,,,,,,,,,,,,,,,,,,,,,,,,,,,,,,,,,,,,,,,,,,,,,,,,,,,,,,,,,,,,,,,,,,,,,,,,,,,,,,,,,,
Mob Graze,Morris,2018,spring.pregraze,iwg,103,80297,Hay (Small Cup),3/15/2019,13:33:52,1611154,94.47,14.32,0,31.62,61.93,2.04,8.76,-0.48,1.78,11.78,4.67,86.31,0.02,1.23,4.19,0.03,0.34,0.21,4.28,3.66,2.82,2.46,3.15,2.31,3.82,8.64,4.16,3.42,2.63,11.48,3.13,8.51,3.3,2.96,3.32,1.36,,,,,,,,,,,,,,,,,,,,,,,,,,,,,,,,,,,,,,,,,,,,,,,,,,,,,,,,,,,,,,,,,,,,,,,,,,,,,,,,,,,,,,,,,,,,,,,,,,,,,,,,,,,,,,,,,,,,,,,,,,,,,,,,,,,,,
Mob Graze,Morris,2018,spring.pregraze,iwg,104,80298,Hay (Small Cup),3/15/2019,13:31:15,1611154,93.66,12.54,0.06,33.58,62.63,1.93,8.62,0.84,1.66,10.52,5.48,76.99,0.07,0.87,3.82,0.06,0.31,0.2,3.73,3.07,2.34,2.13,2.67,1.99,3.31,5.77,3.6,2.41,2.37,8.83,2.69,7.2,2.75,2.53,2.62,0.97,,,,,,,,,,,,,,,,,,,,,,,,,,,,,,,,,,,,,,,,,,,,,,,,,,,,,,,,,,,,,,,,,,,,,,,,,,,,,,,,,,,,,,,,,,,,,,,,,,,,,,,,,,,,,,,,,,,,,,,,,,,,,,,,,,,,,
Mob Graze,Morris,2018,spring.pregraze,iwg,205,80299,Hay (Small Cup),3/15/2019,13:40:24,1611154,94.25,12.58,0.08,34.72,65.24,1.97,8.31,0.43,1.68,9.86,5.08,80.92,0,0.97,4.01,0.03,0.32,0.2,4.02,3.45,2.6,2.31,2.97,2.25,3.54,7.64,3.87,3.17,2.62,10.96,3.04,8.4,3.22,2.87,3.43,1.28,,,,,,,,,,,,,,,,,,,,,,,,,,,,,,,,,,,,,,,,,,,,,,,,,,,,,,,,,,,,,,,,,,,,,,,,,,,,,,,,,,,,,,,,,,,,,,,,,,,,,,,,,,,,,,,,,,,,,,,,,,,,,,,,,,,,,
Mob Graze,Morris,2018,spring.pregraze,iwg,206,80300,Hay (Small Cup),3/15/2019,13:19:32,1611154,94.01,12.12,0.09,35.18,66.35,1.95,8.61,0.2,1.87,9.59,4.64,81.71,-0.01,1.17,4.08,0.02,0.32,0.19,4.45,3.81,2.7,2.48,3.3,2.42,4.03,7.55,4.27,3.16,2.99,11.75,3.25,8.76,3.4,3.03,3.69,1.26,,,,,,,,,,,,,,,,,,,,,,,,,,,,,,,,,,,,,,,,,,,,,,,,,,,,,,,,,,,,,,,,,,,,,,,,,,,,,,,,,,,,,,,,,,,,,,,,,,,,,,,,,,,,,,,,,,,,,,,,,,,,,,,,,,,,,
Mob Graze,Morris,2018,spring.pregraze,iwg,207,80301,Hay (Small Cup),3/15/2019,13:35:53,1611154,94.26,13.66,0.06,32.24,61.51,1.98,8.81,-0.47,1.69,11.58,5.49,81.37,0.04,0.9,3.86,0.06,0.33,0.21,3.89,3.13,2.46,2.22,2.72,2.04,3.27,7.22,3.66,2.78,2.29,10.24,2.88,8.01,3.06,2.68,2.75,1.11,,,,,,,,,,,,,,,,,,,,,,,,,,,,,,,,,,,,,,,,,,,,,,,,,,,,,,,,,,,,,,,,,,,,,,,,,,,,,,,,,,,,,,,,,,,,,,,,,,,,,,,,,,,,,,,,,,,,,,,,,,,,,,,,,,,,,
Mob Graze,Morris,2018,spring.pregraze,iwg,208,80302,Hay (Small Cup),3/15/2019,13:27:00,1611154,93.84,12.71,0.08,33.38,63.61,1.98,8.56,-0.3,1.68,10.48,5.12,82.11,0.03,1.05,3.86,0.04,0.32,0.2,4.32,3.55,2.55,2.35,3.1,2.24,3.7,7.28,4.05,2.94,2.7,11.1,3.04,8.58,3.27,2.86,3.11,1.14,,,,,,,,,,,,,,,,,,,,,,,,,,,,,,,,,,,,,,,,,,,,,,,,,,,,,,,,,,,,,,,,,,,,,,,,,,,,,,,,,,,,,,,,,,,,,,,,,,,,,,,,,,,,,,,,,,,,,,,,,,,,,,,,,,,,,
Mob Graze,Morris,2018,spring.pregraze,iwg,301,80303,Hay (Small Cup),3/15/2019,13:37:59,1611154,94.38,14.08,0.11,33.18,63.4,1.99,8.69,0.28,1.73,11.38,5,80.68,0.04,0.95,3.97,0.04,0.33,0.21,4.3,3.48,2.64,2.38,3.03,2.23,3.63,7.51,4.03,3.39,2.58,12.54,3.15,8.96,3.39,2.88,3.29,1.27,,,,,,,,,,,,,,,,,,,,,,,,,,,,,,,,,,,,,,,,,,,,,,,,,,,,,,,,,,,,,,,,,,,,,,,,,,,,,,,,,,,,,,,,,,,,,,,,,,,,,,,,,,,,,,,,,,,,,,,,,,,,,,,,,,,,,
Mob Graze,Morris,2018,spring.pregraze,iwg,302,80304,Hay (Small Cup),3/15/2019,13:25:08,1611154,93.85,14.56,0.14,33.96,64.1,2,9.5,0.07,1.97,11.93,3.77,79.6,0.04,1.17,4.3,0.04,0.35,0.22,5.06,4.1,2.66,2.68,3.51,2.57,4.32,7.24,4.72,3.53,3.04,11.74,3.51,9.56,3.72,3.2,3.63,1.29,,,,,,,,,,,,,,,,,,,,,,,,,,,,,,,,,,,,,,,,,,,,,,,,,,,,,,,,,,,,,,,,,,,,,,,,,,,,,,,,,,,,,,,,,,,,,,,,,,,,,,,,,,,,,,,,,,,,,,,,,,,,,,,,,,,,,
Mob Graze,Morris,2018,spring.pregraze,iwg,303,80305,Hay (Small Cup),3/15/2019,13:17:35,1611154,93.91,15.84,0.17,32.34,60.12,2,9.49,-0.53,1.92,13.79,4.61,78.3,0.17,1.15,4.07,0.07,0.35,0.23,4.75,3.59,2.53,2.51,3.14,2.32,3.79,6.62,4.18,3.41,2.66,10.2,3.23,8.85,3.54,2.94,3.17,1.2,,,,,,,,,,,,,,,,,,,,,,,,,,,,,,,,,,,,,,,,,,,,,,,,,,,,,,,,,,,,,,,,,,,,,,,,,,,,,,,,,,,,,,,,,,,,,,,,,,,,,,,,,,,,,,,,,,,,,,,,,,,,,,,,,,,,,
Mob Graze,Morris,2018,spring.pregraze,iwg,304,80306,Hay (Small Cup),3/15/2019,13:23:07,1611154,93.39,15.88,0.17,31.76,58.09,1.96,9.57,-0.25,1.8,13.41,5.77,77.7,0.19,1.07,4.06,0.07,0.35,0.23,4.3,3.35,2.35,2.33,3,2.19,3.57,6.05,3.87,2.96,2.57,8.36,3.01,7.77,3.22,2.76,2.86,1.15,,,,,,,,,,,,,,,,,,,,,,,,,,,,,,,,,,,,,,,,,,,,,,,,,,,,,,,,,,,,,,,,,,,,,,,,,,,,,,,,,,,,,,,,,,,,,,,,,,,,,,,,,,,,,,,,,,,,,,,,,,,,,,,,,,,,,
Mob Graze,Morris,2018,spring.pregraze,alf,101,80307,Hay (Small Cup),3/15/2019,11:55:19,1611154,93.49,23.11,0.25,22.84,31.08,1.68,11.44,3.58,0.57,20.99,5.48,59.7,1.38,0.95,3,0.24,0.28,0.28,2.68,1.76,1.85,1.9,1.87,1.76,2.4,8.94,2.4,1.69,1.37,7.66,2.19,3.98,1.84,1.88,1.87,1.7,,,,,,,,,,,,,,,,,,,,,,,,,,,,,,,,,,,,,,,,,,,,,,,,,,,,,,,,,,,,,,,,,,,,,,,,,,,,,,,,,,,,,,,,,,,,,,,,,,,,,,,,,,,,,,,,,,,,,,,,,,,,,,,,,,,,,
Mob Graze,Morris,2018,spring.pregraze,alf,104,80308,Hay (Small Cup),3/15/2019,11:51:55,1611154,94.3,24.52,0.32,24.34,31.38,1.81,11.44,4.65,0.63,22.66,3.67,60.44,1.47,1.27,2.77,0.28,0.29,0.29,3.67,2.26,2.03,2.23,2.48,1.9,2.69,6.88,2.78,2.19,1.87,11.35,2.51,4.52,2.14,2.06,1.92,1.61,,,,,,,,,,,,,,,,,,,,,,,,,,,,,,,,,,,,,,,,,,,,,,,,,,,,,,,,,,,,,,,,,,,,,,,,,,,,,,,,,,,,,,,,,,,,,,,,,,,,,,,,,,,,,,,,,,,,,,,,,,,,,,,,,,,,,
Mob Graze,Morris,2018,spring.pregraze,alf,205,80309,Hay (Small Cup),3/15/2019,11:49:47,1611154,94.03,23.91,0.27,25.05,32.18,1.76,11.22,4.64,0.39,20.85,4.44,61.02,1.4,1.04,2.98,0.24,0.29,0.28,2.97,1.99,1.98,1.86,2.14,1.79,2.42,6.99,2.46,2.04,1.61,8.93,2.31,3.96,1.91,1.91,1.8,1.54,,,,,,,,,,,,,,,,,,,,,,,,,,,,,,,,,,,,,,,,,,,,,,,,,,,,,,,,,,,,,,,,,,,,,,,,,,,,,,,,,,,,,,,,,,,,,,,,,,,,,,,,,,,,,,,,,,,,,,,,,,,,,,,,,,,,,
Mob Graze,Morris,2018,spring.pregraze,alf,207,80310,Hay (Small Cup),3/15/2019,11:57:53,1611154,92.37,25.32,0.4,20.96,27.32,1.79,11.81,3.98,0.35,22.64,6.68,59.86,1.47,1.08,2.73,0.28,0.29,0.29,2.71,1.7,1.5,1.71,2,1.59,2.05,6.56,2.08,1.88,1.44,5.08,2.19,3.46,1.83,1.81,1.85,1.53,,,,,,,,,,,,,,,,,,,,,,,,,,,,,,,,,,,,,,,,,,,,,,,,,,,,,,,,,,,,,,,,,,,,,,,,,,,,,,,,,,,,,,,,,,,,,,,,,,,,,,,,,,,,,,,,,,,,,,,,,,,,,,,,,,,,,
Mob Graze,Morris,2018,spring.pregraze,alf,301,80311,Hay (Small Cup),3/15/2019,12:00:10,1611154,93.78,23.88,0.33,25.01,32.97,1.69,12,4.5,0.76,21.88,3.87,55.9,1.38,1.07,3.07,0.24,0.29,0.29,3.42,2.14,2.04,2.23,2.32,1.86,2.73,7.29,2.79,1.99,1.71,10.46,2.67,4.88,2.12,2.15,2.01,1.63,,,,,,,,,,,,,,,,,,,,,,,,,,,,,,,,,,,,,,,,,,,,,,,,,,,,,,,,,,,,,,,,,,,,,,,,,,,,,,,,,,,,,,,,,,,,,,,,,,,,,,,,,,,,,,,,,,,,,,,,,,,,,,,,,,,,,
Mob Graze,Morris,2018,spring.pregraze,alf,304,80312,Hay (Small Cup),3/15/2019,13:13:35,1611154,91.69,26.17,0.35,19.36,25.57,1.89,11.75,3.51,-0.1,22.68,7.04,58.23,1.44,1.24,2.93,0.27,0.3,0.29,3.38,2.05,1.57,1.81,2.57,1.92,2.32,6.91,2.43,2.15,1.67,4.2,2.78,3.92,2.05,2.41,2.15,1.49,,,,,,,,,,,,,,,,,,,,,,,,,,,,,,,,,,,,,,,,,,,,,,,,,,,,,,,,,,,,,,,,,,,,,,,,,,,,,,,,,,,,,,,,,,,,,,,,,,,,,,,,,,,,,,,,,,,,,,,,,,,,,,,,,,,,,
Mob Graze,Morris,2018,fall.pregraze,iwg,103,82669,Hay (Small Cup),4/5/2019,11:42:12,1611154,92.87,16.27,0.72,40.48,65.42,1.67,12.13,3.99,4.21,12.06,3.56,85.29,0.73,0.19,3.31,0.29,0.3,0.18,3.54,2.17,2.03,2.25,2.34,1.88,2.75,7,2.85,2.01,1.77,10.69,2.59,4.73,2.08,2.08,1.97,1.62,,,,,,,,,,,,,,,,,,,,,,,,,,,,,,,,,,,,,,,,,,,,,,,,,,,,,,,,,,,,,,,,,,,,,,,,,,,,,,,,,,,,,,,,,,,,,,,,,,,,,,,,,,,,,,,,,,,,,,,,,,,,,,,,,,,,,
Mob Graze,Morris,2018,fall.pregraze,iwg,104,82670,Hay (Small Cup),4/5/2019,11:38:47,1611154,93.02,17.83,0.78,37.89,64.09,1.87,11.81,3.34,4.27,12.32,4.34,87.73,0.73,0.62,3.76,0.29,0.34,0.21,3.38,2.05,1.57,1.81,2.57,1.92,2.32,6.91,2.43,2.15,1.67,4.2,2.78,3.92,2.05,2.41,2.15,1.49,,,,,,,,,,,,,,,,,,,,,,,,,,,,,,,,,,,,,,,,,,,,,,,,,,,,,,,,,,,,,,,,,,,,,,,,,,,,,,,,,,,,,,,,,,,,,,,,,,,,,,,,,,,,,,,,,,,,,,,,,,,,,,,,,,,,,
Mob Graze,Morris,2018,fall.pregraze,iwg,105,82671,Hay (Small Cup),4/5/2019,11:48:25,1611154,93.09,18.37,0.74,38.13,64.11,1.8,11.52,3.46,4.52,13.1,3.59,83.68,0.74,0.68,3.68,0.27,0.34,0.21,,,,,,,,,,,,,,,,,,,,,,,,,,,,,,,,,,,,,,,,,,,,,,,,,,,,,,,,,,,,,,,,,,,,,,,,,,,,,,,,,,,,,,,,,,,,,,,,,,,,,,,,,,,,,,,,,,,,,,,,,,,,,,,,,,,,,,,,,,,,,,,,,,,,,,,
Mob Graze,Morris,2018,fall.pregraze,iwg,106,82672,Hay (Small Cup),4/5/2019,11:06:21,1611154,93.68,12.9,0.6,39.39,70.43,1.9,9.6,2.59,3.51,10.34,2.54,66.21,0.57,1.23,2.83,0.25,0.27,0.19,,,,,,,,,,,,,,,,,,,,,,,,,,,,,,,,,,,,,,,,,,,,,,,,,,,,,,,,,,,,,,,,,,,,,,,,,,,,,,,,,,,,,,,,,,,,,,,,,,,,,,,,,,,,,,,,,,,,,,,,,,,,,,,,,,,,,,,,,,,,,,,,,,,,,,,
Mob Graze,Morris,2018,fall.pregraze,iwg,201,82675,Hay (Small Cup),4/5/2019,11:53:22,1611154,92.78,15.55,0.65,38.06,62.42,1.55,12.06,3.22,3.86,12.37,3.84,83.55,0.74,0.13,3.04,0.26,0.28,0.17,,,,,,,,,,,,,,,,,,,,,,,,,,,,,,,,,,,,,,,,,,,,,,,,,,,,,,,,,,,,,,,,,,,,,,,,,,,,,,,,,,,,,,,,,,,,,,,,,,,,,,,,,,,,,,,,,,,,,,,,,,,,,,,,,,,,,,,,,,,,,,,,,,,,,,,
Mob Graze,Morris,2018,fall.pregraze,iwg,202,82676,Hay (Small Cup),4/5/2019,11:22:09,1611154,92.62,11.54,0.57,40.85,69.48,1.55,11.37,2.7,3.46,8.75,3.56,77.31,0.58,0.41,2.66,0.25,0.23,0.14,,,,,,,,,,,,,,,,,,,,,,,,,,,,,,,,,,,,,,,,,,,,,,,,,,,,,,,,,,,,,,,,,,,,,,,,,,,,,,,,,,,,,,,,,,,,,,,,,,,,,,,,,,,,,,,,,,,,,,,,,,,,,,,,,,,,,,,,,,,,,,,,,,,,,,,
Mob Graze,Morris,2018,fall.pregraze,iwg,207,82681,Hay (Small Cup),4/5/2019,11:34:28,1611154,93.04,13,0.38,36.57,65.94,1.85,10.46,1.72,2.91,11.02,3.49,59.97,0.54,1.18,2.8,0.22,0.26,0.2,,,,,,,,,,,,,,,,,,,,,,,,,,,,,,,,,,,,,,,,,,,,,,,,,,,,,,,,,,,,,,,,,,,,,,,,,,,,,,,,,,,,,,,,,,,,,,,,,,,,,,,,,,,,,,,,,,,,,,,,,,,,,,,,,,,,,,,,,,,,,,,,,,,,,,,
Mob Graze,Morris,2018,fall.pregraze,iwg,208,82682,Hay (Small Cup),4/5/2019,11:27:23,1611154,93.2,17.62,0.31,28.34,54.55,1.78,10.62,1.64,3.02,13.4,7.96,70.94,0.73,1.15,3.2,0.18,0.28,0.23,,,,,,,,,,,,,,,,,,,,,,,,,,,,,,,,,,,,,,,,,,,,,,,,,,,,,,,,,,,,,,,,,,,,,,,,,,,,,,,,,,,,,,,,,,,,,,,,,,,,,,,,,,,,,,,,,,,,,,,,,,,,,,,,,,,,,,,,,,,,,,,,,,,,,,,
Mob Graze,Morris,2018,fall.pregraze,iwg,303,82685,Hay (Small Cup),4/5/2019,11:29:08,1611154,93.87,16.82,0.66,36.9,62.28,1.8,11.39,3.52,3.85,13.84,3.91,76.44,0.91,0.86,2.79,0.31,0.28,0.2,,,,,,,,,,,,,,,,,,,,,,,,,,,,,,,,,,,,,,,,,,,,,,,,,,,,,,,,,,,,,,,,,,,,,,,,,,,,,,,,,,,,,,,,,,,,,,,,,,,,,,,,,,,,,,,,,,,,,,,,,,,,,,,,,,,,,,,,,,,,,,,,,,,,,,,
Mob Graze,Morris,2018,fall.pregraze,iwg,304,82686,Hay (Small Cup),4/5/2019,11:43:45,1611154,93.51,12.45,0.46,36.8,66.8,1.9,9.33,2.86,2.94,10.12,4.16,62.4,0.58,1.27,2.61,0.25,0.24,0.19,,,,,,,,,,,,,,,,,,,,,,,,,,,,,,,,,,,,,,,,,,,,,,,,,,,,,,,,,,,,,,,,,,,,,,,,,,,,,,,,,,,,,,,,,,,,,,,,,,,,,,,,,,,,,,,,,,,,,,,,,,,,,,,,,,,,,,,,,,,,,,,,,,,,,,,
Mob Graze,Morris,2018,fall.pregraze,iwg,305,82687,Hay (Small Cup),4/5/2019,11:12:31,1611154,94.36,11.58,0.45,40.36,71.99,1.8,9.04,3.39,2.78,8.88,2.42,58.63,0.52,1.25,2.44,0.18,0.22,0.18,,,,,,,,,,,,,,,,,,,,,,,,,,,,,,,,,,,,,,,,,,,,,,,,,,,,,,,,,,,,,,,,,,,,,,,,,,,,,,,,,,,,,,,,,,,,,,,,,,,,,,,,,,,,,,,,,,,,,,,,,,,,,,,,,,,,,,,,,,,,,,,,,,,,,,,
Mob Graze,Morris,2018,fall.pregraze,iwg,306,82688,Hay (Small Cup),4/5/2019,11:25:33,1611154,93.62,17.35,0.62,37.21,64.89,1.79,11.04,2.6,3.92,13.56,3.19,69.42,0.69,1.13,3.34,0.2,0.31,0.22,,,,,,,,,,,,,,,,,,,,,,,,,,,,,,,,,,,,,,,,,,,,,,,,,,,,,,,,,,,,,,,,,,,,,,,,,,,,,,,,,,,,,,,,,,,,,,,,,,,,,,,,,,,,,,,,,,,,,,,,,,,,,,,,,,,,,,,,,,,,,,,,,,,,,,,
Mob Graze,Morris,2018,fall.pregraze,alf,104,80325,Hay (Small Cup),3/26/2019,16:17:56,1611154,95.79,26,0.85,40.59,54.21,1.59,14.15,7.01,4.81,23.89,-1.81,73.05,1.32,-0.38,3.34,0.33,0.37,0.27,9.19,6.31,7.1,13.09,6.09,5.98,7.19,14.35,6.68,3.98,6.11,43.41,18.84,23.96,22.42,16.74,14.83,3.26,,,,,,,,,,,,,,,,,,,,,,,,,,,,,,,,,,,,,,,,,,,,,,,,,,,,,,,,,,,,,,,,,,,,,,,,,,,,,,,,,,,,,,,,,,,,,,,,,,,,,,,,,,,,,,,,,,,,,,,,,,,,,,,,,,,,,
Mob Graze,Morris,2018,fall.pregraze,alf,106,80326,Hay (Small Cup),3/26/2019,16:14:31,1611154,99.07,33.85,0.94,40.11,49.25,1.59,15.47,5.51,5.66,34.8,-7.77,43.69,1.81,-0.24,2.77,0.34,0.42,0.39,15.47,9.9,9.8,15.11,9.75,7.2,13.34,12.69,11.66,9.16,10.27,72.12,15.31,25.46,19.9,12.12,10.73,4.22,,,,,,,,,,,,,,,,,,,,,,,,,,,,,,,,,,,,,,,,,,,,,,,,,,,,,,,,,,,,,,,,,,,,,,,,,,,,,,,,,,,,,,,,,,,,,,,,,,,,,,,,,,,,,,,,,,,,,,,,,,,,,,,,,,,,,
Mob Graze,Morris,2018,fall.pregraze,alf,202,80327,Hay (Small Cup),3/26/2019,15:54:29,1611154,93.96,19.8,0.64,39.71,56.34,1.44,13.82,6.96,4.03,17.96,0.96,87.49,0.91,-0.5,3.34,0.29,0.33,0.19,6.99,4.37,6.47,15.07,4.14,6.59,4.05,16.44,4.4,2.5,3.42,28.43,27.98,32.73,30.08,25.83,22.44,5.23,,,,,,,,,,,,,,,,,,,,,,,,,,,,,,,,,,,,,,,,,,,,,,,,,,,,,,,,,,,,,,,,,,,,,,,,,,,,,,,,,,,,,,,,,,,,,,,,,,,,,,,,,,,,,,,,,,,,,,,,,,,,,,,,,,,,,
Mob Graze,Morris,2018,fall.pregraze,alf,207,80328,Hay (Small Cup),3/26/2019,16:23:48,1611154,99.19,30.06,0.97,39.82,49.61,1.6,14.68,5.22,5.04,32.4,-5.71,44.28,1.8,0.19,1.99,0.39,0.37,0.35,14.11,9.13,8.51,13.62,9.24,6.89,11.67,10.59,11.13,7.86,9.71,66.44,14.15,22.04,19.03,11.4,10.29,3.62,,,,,,,,,,,,,,,,,,,,,,,,,,,,,,,,,,,,,,,,,,,,,,,,,,,,,,,,,,,,,,,,,,,,,,,,,,,,,,,,,,,,,,,,,,,,,,,,,,,,,,,,,,,,,,,,,,,,,,,,,,,,,,,,,,,,,
Mob Graze,Morris,2018,fall.pregraze,alf,304,80329,Hay (Small Cup),3/26/2019,16:16:01,1611154,98.73,28.34,0.76,43.29,53.32,1.51,14.16,6.71,4.39,28.61,-7.53,35.71,1.72,-0.06,2.3,0.31,0.33,0.32,13.52,8.68,8.07,12.51,8.67,5.99,11.33,10.96,10.36,7.51,8.69,81.2,12.75,21.94,15,9.84,8.6,3.71,,,,,,,,,,,,,,,,,,,,,,,,,,,,,,,,,,,,,,,,,,,,,,,,,,,,,,,,,,,,,,,,,,,,,,,,,,,,,,,,,,,,,,,,,,,,,,,,,,,,,,,,,,,,,,,,,,,,,,,,,,,,,,,,,,,,,
Mob Graze,Morris,2018,fall.pregraze,alf,305,80330,Hay (Small Cup),3/26/2019,16:13:00,1611154,98.41,32.51,0.81,38.33,45.64,1.48,15.37,5.77,4.77,33.68,-5.71,33.89,1.94,0.09,2.05,0.33,0.36,0.37,16.16,10.08,9.19,13.08,10.5,6.97,14.01,11.06,12.28,8.4,10.63,76.07,12.91,22.82,15.62,9.81,8.7,4.03,,,,,,,,,,,,,,,,,,,,,,,,,,,,,,,,,,,,,,,,,,,,,,,,,,,,,,,,,,,,,,,,,,,,,,,,,,,,,,,,,,,,,,,,,,,,,,,,,,,,,,,,,,,,,,,,,,,,,,,,,,,,,,,,,,,,,
Mob Graze,Morris,2018,iwg.harvest,iwg,101,80331,Hay (Small Cup),4/9/2019,15:00:43,1611154,93.98,3.06,0.21,42.26,73.52,1.66,3.25,5.17,1.39,1.41,9.31,46.43,0.02,0.56,1.5,0.08,0.15,0.11,,,,,,,,,,,,,,,,,,,,,,,,,,,,,,,,,,,,,,,,,,,,,,,,,,,,,,,,,,,,,,,,,,,,,,,,,,,,,,,,,,,,,,,,,,,,,,,,,,,,,,,,,,,,,,,,,,,,,,,,,,,,,,,,,,,,,,,,,,,,,,,,,,,,,,,
Mob Graze,Morris,2018,iwg.harvest,iwg,102,80332,Hay (Small Cup),4/9/2019,15:27:06,1611154,94.53,1.68,0.28,43.16,75.31,1.59,2.44,5.54,1.33,-0.08,9.61,43.11,0,0.52,1.09,0.07,0.12,0.1,,,,,,,,,,,,,,,,,,,,,,,,,,,,,,,,,,,,,,,,,,,,,,,,,,,,,,,,,,,,,,,,,,,,,,,,,,,,,,,,,,,,,,,,,,,,,,,,,,,,,,,,,,,,,,,,,,,,,,,,,,,,,,,,,,,,,,,,,,,,,,,,,,,,,,,
Mob Graze,Morris,2018,iwg.harvest,iwg,103,80333,Hay (Small Cup),4/9/2019,15:29:39,1611154,94.29,2,0.2,42.91,76.28,1.63,3.08,5.18,1.39,0.42,8.6,45.85,-0.03,0.68,1.32,0.06,0.13,0.1,,,,,,,,,,,,,,,,,,,,,,,,,,,,,,,,,,,,,,,,,,,,,,,,,,,,,,,,,,,,,,,,,,,,,,,,,,,,,,,,,,,,,,,,,,,,,,,,,,,,,,,,,,,,,,,,,,,,,,,,,,,,,,,,,,,,,,,,,,,,,,,,,,,,,,,
Mob Graze,Morris,2018,iwg.harvest,iwg,104,80334,Hay (Small Cup),4/9/2019,15:34:03,1611154,93.49,4.2,0.24,40.87,72.65,1.71,4,4.57,1.51,3.05,8.4,45.19,0.05,0.73,1.47,0.09,0.16,0.12,,,,,,,,,,,,,,,,,,,,,,,,,,,,,,,,,,,,,,,,,,,,,,,,,,,,,,,,,,,,,,,,,,,,,,,,,,,,,,,,,,,,,,,,,,,,,,,,,,,,,,,,,,,,,,,,,,,,,,,,,,,,,,,,,,,,,,,,,,,,,,,,,,,,,,,
Mob Graze,Morris,2018,iwg.harvest,iwg,105,80335,Hay (Small Cup),4/9/2019,15:25:18,1611154,93.47,1.78,0.27,40.75,71.79,1.66,1.65,5.3,1.31,0.24,11.88,42.24,0.04,0.31,0.81,0.1,0.11,0.1,,,,,,,,,,,,,,,,,,,,,,,,,,,,,,,,,,,,,,,,,,,,,,,,,,,,,,,,,,,,,,,,,,,,,,,,,,,,,,,,,,,,,,,,,,,,,,,,,,,,,,,,,,,,,,,,,,,,,,,,,,,,,,,,,,,,,,,,,,,,,,,,,,,,,,,
Mob Graze,Morris,2018,iwg.harvest,iwg,106,80336,Hay (Small Cup),4/9/2019,15:02:28,1611154,94.13,3.25,0.26,42.81,74.76,1.68,3.37,5.37,1.41,1.28,8.34,47.32,0.03,0.7,1.41,0.07,0.15,0.11,,,,,,,,,,,,,,,,,,,,,,,,,,,,,,,,,,,,,,,,,,,,,,,,,,,,,,,,,,,,,,,,,,,,,,,,,,,,,,,,,,,,,,,,,,,,,,,,,,,,,,,,,,,,,,,,,,,,,,,,,,,,,,,,,,,,,,,,,,,,,,,,,,,,,,,
Mob Graze,Morris,2018,iwg.harvest,iwg,107,80337,Hay (Small Cup),4/9/2019,15:06:16,1611154,93.36,2.77,0.28,40.14,71.13,1.67,2.92,5.1,1.29,1.4,10.93,43.05,0.06,0.56,1.04,0.11,0.13,0.1,,,,,,,,,,,,,,,,,,,,,,,,,,,,,,,,,,,,,,,,,,,,,,,,,,,,,,,,,,,,,,,,,,,,,,,,,,,,,,,,,,,,,,,,,,,,,,,,,,,,,,,,,,,,,,,,,,,,,,,,,,,,,,,,,,,,,,,,,,,,,,,,,,,,,,,
Mob Graze,Morris,2018,iwg.harvest,iwg,108,80338,Hay (Small Cup),4/9/2019,15:39:50,1611154,93.38,2.57,0.22,40.21,70.95,1.68,2.71,4.46,1.26,1.15,10.59,41.27,0.06,0.6,1.02,0.1,0.13,0.1,,,,,,,,,,,,,,,,,,,,,,,,,,,,,,,,,,,,,,,,,,,,,,,,,,,,,,,,,,,,,,,,,,,,,,,,,,,,,,,,,,,,,,,,,,,,,,,,,,,,,,,,,,,,,,,,,,,,,,,,,,,,,,,,,,,,,,,,,,,,,,,,,,,,,,,
Mob Graze,Morris,2018,iwg.harvest,iwg,201,80339,Hay (Small Cup),4/9/2019,15:10:11,1611154,93.47,0.65,0.17,39.52,72.68,1.56,0.98,5.19,1.3,-1.32,12.63,34.78,0,0.45,0.18,0.08,0.07,0.08,,,,,,,,,,,,,,,,,,,,,,,,,,,,,,,,,,,,,,,,,,,,,,,,,,,,,,,,,,,,,,,,,,,,,,,,,,,,,,,,,,,,,,,,,,,,,,,,,,,,,,,,,,,,,,,,,,,,,,,,,,,,,,,,,,,,,,,,,,,,,,,,,,,,,,,
Mob Graze,Morris,2018,iwg.harvest,iwg,202,80340,Hay (Small Cup),4/9/2019,15:43:32,1611154,93.52,2.48,0.19,39.85,71.15,1.68,2.4,5.21,1.27,0.77,11.11,45.35,0.07,0.52,1.11,0.1,0.12,0.1,,,,,,,,,,,,,,,,,,,,,,,,,,,,,,,,,,,,,,,,,,,,,,,,,,,,,,,,,,,,,,,,,,,,,,,,,,,,,,,,,,,,,,,,,,,,,,,,,,,,,,,,,,,,,,,,,,,,,,,,,,,,,,,,,,,,,,,,,,,,,,,,,,,,,,,
Mob Graze,Morris,2018,iwg.harvest,iwg,203,80341,Hay (Small Cup),4/9/2019,15:04:20,1611154,93.19,1.77,0.19,41.94,73.7,1.63,3.45,4.86,1.19,0.39,9.19,41.22,0.05,0.73,0.99,0.09,0.12,0.09,,,,,,,,,,,,,,,,,,,,,,,,,,,,,,,,,,,,,,,,,,,,,,,,,,,,,,,,,,,,,,,,,,,,,,,,,,,,,,,,,,,,,,,,,,,,,,,,,,,,,,,,,,,,,,,,,,,,,,,,,,,,,,,,,,,,,,,,,,,,,,,,,,,,,,,
Mob Graze,Morris,2018,iwg.harvest,iwg,204,80342,Hay (Small Cup),4/9/2019,15:45:46,1611154,92.88,0.76,0.22,41.65,73.63,1.58,2.63,4.24,1.19,-0.08,10.36,29.22,0.02,0.52,0.32,0.11,0.09,0.09,,,,,,,,,,,,,,,,,,,,,,,,,,,,,,,,,,,,,,,,,,,,,,,,,,,,,,,,,,,,,,,,,,,,,,,,,,,,,,,,,,,,,,,,,,,,,,,,,,,,,,,,,,,,,,,,,,,,,,,,,,,,,,,,,,,,,,,,,,,,,,,,,,,,,,,
Mob Graze,Morris,2018,iwg.harvest,iwg,205,80343,Hay (Small Cup),4/9/2019,15:41:41,1611154,93.13,4.57,0.31,41.01,70.7,1.71,3.52,5.29,1.39,2.53,10.15,47,0.11,0.69,1.63,0.1,0.16,0.12,,,,,,,,,,,,,,,,,,,,,,,,,,,,,,,,,,,,,,,,,,,,,,,,,,,,,,,,,,,,,,,,,,,,,,,,,,,,,,,,,,,,,,,,,,,,,,,,,,,,,,,,,,,,,,,,,,,,,,,,,,,,,,,,,,,,,,,,,,,,,,,,,,,,,,,
Mob Graze,Morris,2018,iwg.harvest,iwg,206,80344,Hay (Small Cup),4/9/2019,15:14:12,1611154,93.87,3.03,0.19,41.85,74.13,1.69,3.2,4.85,1.29,1.23,8.7,46.81,0.03,0.57,1.54,0.08,0.15,0.11,,,,,,,,,,,,,,,,,,,,,,,,,,,,,,,,,,,,,,,,,,,,,,,,,,,,,,,,,,,,,,,,,,,,,,,,,,,,,,,,,,,,,,,,,,,,,,,,,,,,,,,,,,,,,,,,,,,,,,,,,,,,,,,,,,,,,,,,,,,,,,,,,,,,,,,
Mob Graze,Morris,2018,iwg.harvest,iwg,207,80345,Hay (Small Cup),4/9/2019,15:16:10,1611154,93.53,2.87,0.21,41.28,73.14,1.66,3.87,4.7,1.23,1.27,9.24,47.13,0.01,0.71,1.49,0.07,0.14,0.11,,,,,,,,,,,,,,,,,,,,,,,,,,,,,,,,,,,,,,,,,,,,,,,,,,,,,,,,,,,,,,,,,,,,,,,,,,,,,,,,,,,,,,,,,,,,,,,,,,,,,,,,,,,,,,,,,,,,,,,,,,,,,,,,,,,,,,,,,,,,,,,,,,,,,,,
Mob Graze,Morris,2018,iwg.harvest,iwg,208,80346,Hay (Small Cup),4/9/2019,14:55:29,1611154,93.99,2.21,0.16,40.98,73.48,1.66,3.11,4.67,1.34,0.78,9.13,45.92,0.03,0.56,1.24,0.09,0.13,0.1,,,,,,,,,,,,,,,,,,,,,,,,,,,,,,,,,,,,,,,,,,,,,,,,,,,,,,,,,,,,,,,,,,,,,,,,,,,,,,,,,,,,,,,,,,,,,,,,,,,,,,,,,,,,,,,,,,,,,,,,,,,,,,,,,,,,,,,,,,,,,,,,,,,,,,,
Mob Graze,Morris,2018,iwg.harvest,iwg,301,80347,Hay (Small Cup),4/9/2019,14:58:59,1611154,93.74,5.13,0.23,41.53,72.53,1.72,5.16,4.77,1.39,3.44,7.14,48.5,0.06,0.78,2.14,0.07,0.19,0.13,,,,,,,,,,,,,,,,,,,,,,,,,,,,,,,,,,,,,,,,,,,,,,,,,,,,,,,,,,,,,,,,,,,,,,,,,,,,,,,,,,,,,,,,,,,,,,,,,,,,,,,,,,,,,,,,,,,,,,,,,,,,,,,,,,,,,,,,,,,,,,,,,,,,,,,
Mob Graze,Morris,2018,iwg.harvest,iwg,302,80348,Hay (Small Cup),4/9/2019,15:12:20,1611154,93.48,3.27,0.19,41.19,71.51,1.72,3.49,5.05,1.15,1.94,9.9,43.47,0.06,0.44,1.39,0.1,0.15,0.11,,,,,,,,,,,,,,,,,,,,,,,,,,,,,,,,,,,,,,,,,,,,,,,,,,,,,,,,,,,,,,,,,,,,,,,,,,,,,,,,,,,,,,,,,,,,,,,,,,,,,,,,,,,,,,,,,,,,,,,,,,,,,,,,,,,,,,,,,,,,,,,,,,,,,,,
Mob Graze,Morris,2018,iwg.harvest,iwg,303,80349,Hay (Small Cup),4/9/2019,15:32:02,1611154,93.94,1.99,0.23,41.38,74.71,1.68,3.21,4.99,1.41,0.84,8.64,44.5,0.04,0.71,1.25,0.09,0.13,0.1,,,,,,,,,,,,,,,,,,,,,,,,,,,,,,,,,,,,,,,,,,,,,,,,,,,,,,,,,,,,,,,,,,,,,,,,,,,,,,,,,,,,,,,,,,,,,,,,,,,,,,,,,,,,,,,,,,,,,,,,,,,,,,,,,,,,,,,,,,,,,,,,,,,,,,,
Mob Graze,Morris,2018,iwg.harvest,iwg,304,80350,Hay (Small Cup),4/9/2019,14:57:14,1611154,93.55,3.25,0.23,41.76,72.86,1.67,3.65,4.76,1.4,1.7,8.96,43.96,0.05,0.56,1.42,0.09,0.15,0.11,,,,,,,,,,,,,,,,,,,,,,,,,,,,,,,,,,,,,,,,,,,,,,,,,,,,,,,,,,,,,,,,,,,,,,,,,,,,,,,,,,,,,,,,,,,,,,,,,,,,,,,,,,,,,,,,,,,,,,,,,,,,,,,,,,,,,,,,,,,,,,,,,,,,,,,
Mob Graze,Morris,2018,iwg.harvest,iwg,305,80351,Hay (Small Cup),4/9/2019,15:18:04,1611154,93.32,2.52,0.19,41.33,73.2,1.63,4.01,4.95,1.31,0.83,9.76,45.36,-0.01,0.73,1.18,0.08,0.13,0.1,,,,,,,,,,,,,,,,,,,,,,,,,,,,,,,,,,,,,,,,,,,,,,,,,,,,,,,,,,,,,,,,,,,,,,,,,,,,,,,,,,,,,,,,,,,,,,,,,,,,,,,,,,,,,,,,,,,,,,,,,,,,,,,,,,,,,,,,,,,,,,,,,,,,,,,
Mob Graze,Morris,2018,iwg.harvest,iwg,306,80352,Hay (Small Cup),4/9/2019,15:08:33,1611154,93.39,2.55,0.21,41.3,72.59,1.7,2.72,5.1,1.2,1.06,10.31,45.22,-0.01,0.45,1.25,0.09,0.14,0.1,,,,,,,,,,,,,,,,,,,,,,,,,,,,,,,,,,,,,,,,,,,,,,,,,,,,,,,,,,,,,,,,,,,,,,,,,,,,,,,,,,,,,,,,,,,,,,,,,,,,,,,,,,,,,,,,,,,,,,,,,,,,,,,,,,,,,,,,,,,,,,,,,,,,,,,
Mob Graze,Morris,2018,iwg.harvest,iwg,307,80353,Hay (Small Cup),4/9/2019,15:37:57,1611154,93.13,1.97,0.3,42.03,73.68,1.65,2.32,4.95,1.48,0.71,10.75,37.13,-0.01,0.53,0.84,0.09,0.12,0.1,,,,,,,,,,,,,,,,,,,,,,,,,,,,,,,,,,,,,,,,,,,,,,,,,,,,,,,,,,,,,,,,,,,,,,,,,,,,,,,,,,,,,,,,,,,,,,,,,,,,,,,,,,,,,,,,,,,,,,,,,,,,,,,,,,,,,,,,,,,,,,,,,,,,,,,
Mob Graze,Morris,2018,iwg.harvest,iwg,308,80354,Hay (Small Cup),4/9/2019,15:36:10,1611154,93.11,2.78,0.23,39.8,70.26,1.66,2.69,4.94,1.4,1.43,11.07,41.82,0.07,0.56,1.03,0.1,0.13,0.11,,,,,,,,,,,,,,,,,,,,,,,,,,,,,,,,,,,,,,,,,,,,,,,,,,,,,,,,,,,,,,,,,,,,,,,,,,,,,,,,,,,,,,,,,,,,,,,,,,,,,,,,,,,,,,,,,,,,,,,,,,,,,,,,,,,,,,,,,,,,,,,,,,,,,,,
Mob Graze,Morris,2018,iwg.harvest,alf,101,80355,Hay (Small Cup),4/5/2019,12:12:51,1611154,93.93,14,0.65,38.58,51.63,1.71,5.71,9.15,0.8,10.99,5.16,30.21,1.2,0.91,1.82,0.25,0.18,0.2,,,,,,,,,,,,,,,,,,,,,,,,,,,,,,,,,,,,,,,,,,,,,,,,,,,,,,,,,,,,,,,,,,,,,,,,,,,,,,,,,,,,,,,,,,,,,,,,,,,,,,,,,,,,,,,,,,,,,,,,,,,,,,,,,,,,,,,,,,,,,,,,,,,,,,,
Mob Graze,Morris,2018,iwg.harvest,alf,104,80356,Hay (Small Cup),4/5/2019,11:59:09,1611154,94.81,12.85,0.71,43.48,59.59,1.61,5.33,9.42,1.35,8.99,4.18,31.07,1.07,0.85,1.8,0.21,0.17,0.18,,,,,,,,,,,,,,,,,,,,,,,,,,,,,,,,,,,,,,,,,,,,,,,,,,,,,,,,,,,,,,,,,,,,,,,,,,,,,,,,,,,,,,,,,,,,,,,,,,,,,,,,,,,,,,,,,,,,,,,,,,,,,,,,,,,,,,,,,,,,,,,,,,,,,,,
Mob Graze,Morris,2018,iwg.harvest,alf,106,80357,Hay (Small Cup),4/5/2019,12:07:59,1611154,94.3,14.93,0.8,42.16,57.86,1.64,5.8,8.84,1.58,10.56,4.36,32.82,1.09,0.84,2,0.21,0.19,0.2,,,,,,,,,,,,,,,,,,,,,,,,,,,,,,,,,,,,,,,,,,,,,,,,,,,,,,,,,,,,,,,,,,,,,,,,,,,,,,,,,,,,,,,,,,,,,,,,,,,,,,,,,,,,,,,,,,,,,,,,,,,,,,,,,,,,,,,,,,,,,,,,,,,,,,,
Mob Graze,Morris,2018,iwg.harvest,alf,107,80358,Hay (Small Cup),4/5/2019,12:06:36,1611154,94.65,15.99,0.79,39.61,54.28,1.65,6.49,8.17,1.54,12.13,3.95,36.38,1.2,0.94,2.05,0.24,0.2,0.21,,,,,,,,,,,,,,,,,,,,,,,,,,,,,,,,,,,,,,,,,,,,,,,,,,,,,,,,,,,,,,,,,,,,,,,,,,,,,,,,,,,,,,,,,,,,,,,,,,,,,,,,,,,,,,,,,,,,,,,,,,,,,,,,,,,,,,,,,,,,,,,,,,,,,,,
Mob Graze,Morris,2018,iwg.harvest,alf,202,80359,Hay (Small Cup),4/5/2019,12:11:10,1611154,93.99,15.56,0.59,36.66,48.92,1.68,6.59,8.21,0.8,11.88,4.97,36.29,1.26,1.08,1.94,0.24,0.19,0.21,,,,,,,,,,,,,,,,,,,,,,,,,,,,,,,,,,,,,,,,,,,,,,,,,,,,,,,,,,,,,,,,,,,,,,,,,,,,,,,,,,,,,,,,,,,,,,,,,,,,,,,,,,,,,,,,,,,,,,,,,,,,,,,,,,,,,,,,,,,,,,,,,,,,,,,
Mob Graze,Morris,2018,iwg.harvest,alf,204,80360,Hay (Small Cup),4/8/2019,9:30:56,1611154,92.8,19.34,0.68,30.96,39.51,1.79,8.43,6.75,0.55,16.83,4.83,38.42,1.53,1.39,1.95,0.33,0.22,0.25,,,,,,,,,,,,,,,,,,,,,,,,,,,,,,,,,,,,,,,,,,,,,,,,,,,,,,,,,,,,,,,,,,,,,,,,,,,,,,,,,,,,,,,,,,,,,,,,,,,,,,,,,,,,,,,,,,,,,,,,,,,,,,,,,,,,,,,,,,,,,,,,,,,,,,,
Mob Graze,Morris,2018,iwg.harvest,alf,205,80361,Hay (Small Cup),4/8/2019,9:18:41,1611154,94.6,13.87,0.8,41.31,54.63,1.61,6.4,9.61,1.13,10.87,3.25,30.2,1.22,0.94,1.88,0.26,0.18,0.2,,,,,,,,,,,,,,,,,,,,,,,,,,,,,,,,,,,,,,,,,,,,,,,,,,,,,,,,,,,,,,,,,,,,,,,,,,,,,,,,,,,,,,,,,,,,,,,,,,,,,,,,,,,,,,,,,,,,,,,,,,,,,,,,,,,,,,,,,,,,,,,,,,,,,,,
Mob Graze,Morris,2018,iwg.harvest,alf,207,80362,Hay (Small Cup),4/8/2019,9:04:25,1611154,94.83,13.18,0.8,42.78,56.11,1.58,6.18,9.57,1.09,10.09,3.01,28.23,1.24,1.01,1.72,0.25,0.17,0.19,,,,,,,,,,,,,,,,,,,,,,,,,,,,,,,,,,,,,,,,,,,,,,,,,,,,,,,,,,,,,,,,,,,,,,,,,,,,,,,,,,,,,,,,,,,,,,,,,,,,,,,,,,,,,,,,,,,,,,,,,,,,,,,,,,,,,,,,,,,,,,,,,,,,,,,
Mob Graze,Morris,2018,iwg.harvest,alf,301,80363,Hay (Small Cup),4/5/2019,12:09:47,1611154,94.34,15.86,0.79,39.2,51.98,1.69,6.34,9.49,1.33,12.83,3.46,29.74,1.32,0.95,1.85,0.27,0.19,0.22,,,,,,,,,,,,,,,,,,,,,,,,,,,,,,,,,,,,,,,,,,,,,,,,,,,,,,,,,,,,,,,,,,,,,,,,,,,,,,,,,,,,,,,,,,,,,,,,,,,,,,,,,,,,,,,,,,,,,,,,,,,,,,,,,,,,,,,,,,,,,,,,,,,,,,,
Mob Graze,Morris,2018,iwg.harvest,alf,304,80364,Hay (Small Cup),4/8/2019,9:11:39,1611154,94.23,13.85,0.64,39.19,51.33,1.7,6.08,8.75,0.7,11.18,3.86,31.83,1.28,1.05,1.76,0.27,0.18,0.2,,,,,,,,,,,,,,,,,,,,,,,,,,,,,,,,,,,,,,,,,,,,,,,,,,,,,,,,,,,,,,,,,,,,,,,,,,,,,,,,,,,,,,,,,,,,,,,,,,,,,,,,,,,,,,,,,,,,,,,,,,,,,,,,,,,,,,,,,,,,,,,,,,,,,,,
Mob Graze,Morris,2018,iwg.harvest,alf,305,80365,Hay (Small Cup),4/8/2019,8:57:35,1611154,94.14,16.57,0.68,36.55,49.34,1.7,7.48,7.68,1.03,13.39,3.47,38.71,1.22,1.09,2.24,0.25,0.22,0.22,,,,,,,,,,,,,,,,,,,,,,,,,,,,,,,,,,,,,,,,,,,,,,,,,,,,,,,,,,,,,,,,,,,,,,,,,,,,,,,,,,,,,,,,,,,,,,,,,,,,,,,,,,,,,,,,,,,,,,,,,,,,,,,,,,,,,,,,,,,,,,,,,,,,,,,
Mob Graze,Morris,2018,iwg.harvest,alf,308,80366,Hay (Small Cup),4/5/2019,11:57:33,1611154,94.37,16.92,0.62,37.17,49.85,1.76,6.4,8.27,1.01,12.84,5.11,39.99,1.18,0.97,2.2,0.23,0.22,0.22,,,,,,,,,,,,,,,,,,,,,,,,,,,,,,,,,,,,,,,,,,,,,,,,,,,,,,,,,,,,,,,,,,,,,,,,,,,,,,,,,,,,,,,,,,,,,,,,,,,,,,,,,,,,,,,,,,,,,,,,,,,,,,,,,,,,,,,,,,,,,,,,,,,,,,,
Mob Graze,Morris,2019,iwg.harvest,iwg,101,90153,Hay,Undefined,Hay,2/17/2021 9:10:40 AM,92.57,9.35,1.18,43.51,67.47,1.58,7.89,7.4,3.57,6.92,8.87,43.22,40.73,27.78,0.57,1.01,2.4,0.28,0.22,0.17,0,1,0,1,0,1,0,1,0,1,0,1,0,1,0,1,0,1,0,1,0,1,0,1,0,,,,,,,,,,,,,,,,,,,,,,,,,,,,,,,,,,,,,,,,,,,,,,,,,,,,,,,,,,,,,,,,,,,,,,,,,,,,,,,,,,,,,,,,,,,,,,,,,,,,,,,,,,,,,,,,,,,,,,,,,,,,
Mob Graze,Morris,2019,iwg.harvest,iwg,102,90154,Hay,Undefined,Hay,2/17/2021 9:13:28 AM,91.53,7.53,0.45,36.6,62.49,1.6,6.62,5.21,1.93,4.5,12.31,42.66,38.64,27.63,0.35,0.17,2.4,0.17,0.18,0.14,0,1,0,1,0,1,0,1,0,1,0,1,0,1,0,1,0,1,0,1,0,1,0,1,0,,,,,,,,,,,,,,,,,,,,,,,,,,,,,,,,,,,,,,,,,,,,,,,,,,,,,,,,,,,,,,,,,,,,,,,,,,,,,,,,,,,,,,,,,,,,,,,,,,,,,,,,,,,,,,,,,,,,,,,,,,,,
Mob Graze,Morris,2019,iwg.harvest,iwg,103,90155,Hay,Undefined,Hay,2/17/2021 9:16:17 AM,91.31,8.24,0.42,34.01,59.3,1.63,6.68,5.72,2.09,4.56,13.94,37.87,34.39,23.34,0.41,0.23,2.47,0.19,0.18,0.15,0,1,0,1,0,1,0,1,0,1,0,1,0,1,0,1,0,1,0,1,0,1,0,1,0,,,,,,,,,,,,,,,,,,,,,,,,,,,,,,,,,,,,,,,,,,,,,,,,,,,,,,,,,,,,,,,,,,,,,,,,,,,,,,,,,,,,,,,,,,,,,,,,,,,,,,,,,,,,,,,,,,,,,,,,,,,,
Mob Graze,Morris,2019,iwg.harvest,iwg,104,90156,Hay,Undefined,Hay,2/17/2021 9:19:18 AM,91.61,8.39,0.43,35.27,59.67,1.66,6.98,5.89,1.88,4.91,12.88,38.26,35.11,23.48,0.44,0.46,2.61,0.2,0.18,0.15,0,1,0,1,0,1,0,1,0,1,0,1,0,1,0,1,0,1,0,1,0,1,0,1,0,,,,,,,,,,,,,,,,,,,,,,,,,,,,,,,,,,,,,,,,,,,,,,,,,,,,,,,,,,,,,,,,,,,,,,,,,,,,,,,,,,,,,,,,,,,,,,,,,,,,,,,,,,,,,,,,,,,,,,,,,,,,
Mob Graze,Morris,2019,iwg.harvest,iwg,105,90157,Hay,Undefined,Hay,2/17/2021 9:21:39 AM,91.71,8.23,0.45,36.91,62.96,1.83,7.09,4.99,2,5.61,10.96,41.53,37.38,25.46,0.36,0.55,2.77,0.22,0.21,0.16,0,1,0,1,0,1,0,1,0,1,0,1,0,1,0,1,0,1,0,1,0,1,0,1,0,,,,,,,,,,,,,,,,,,,,,,,,,,,,,,,,,,,,,,,,,,,,,,,,,,,,,,,,,,,,,,,,,,,,,,,,,,,,,,,,,,,,,,,,,,,,,,,,,,,,,,,,,,,,,,,,,,,,,,,,,,,,
Mob Graze,Morris,2019,iwg.harvest,iwg,106,90158,Hay,Undefined,Hay,2/17/2021 9:23:54 AM,91.71,9.32,0.26,34.04,58.25,1.7,7.44,4.43,1.46,5.94,11.72,37.15,32.63,20.92,0.34,0.48,3.06,0.15,0.22,0.16,0,1,0,1,0,1,0,1,0,1,0,1,0,1,0,1,0,1,0,1,0,1,0,1,0,,,,,,,,,,,,,,,,,,,,,,,,,,,,,,,,,,,,,,,,,,,,,,,,,,,,,,,,,,,,,,,,,,,,,,,,,,,,,,,,,,,,,,,,,,,,,,,,,,,,,,,,,,,,,,,,,,,,,,,,,,,,
Mob Graze,Morris,2019,iwg.harvest,iwg,107,90159,Hay,Undefined,Hay,2/17/2021 9:26:22 AM,92.89,8.03,1.17,46.86,74.63,1.72,7.72,7.81,3.4,5.19,6.86,50.54,48.89,31.63,0.43,1.12,2.53,0.27,0.22,0.15,0,1,0,1,0,1,0,1,0,1,0,1,0,1,0,1,0,1,0,1,0,1,0,1,0,,,,,,,,,,,,,,,,,,,,,,,,,,,,,,,,,,,,,,,,,,,,,,,,,,,,,,,,,,,,,,,,,,,,,,,,,,,,,,,,,,,,,,,,,,,,,,,,,,,,,,,,,,,,,,,,,,,,,,,,,,,,
Mob Graze,Morris,2019,iwg.harvest,iwg,108,90160,Hay,Undefined,Hay,2/17/2021 9:28:39 AM,91.75,8.77,1.01,42.91,67.86,1.03,9.57,7.38,3.78,5.66,7.89,34.05,26.94,20.64,0.33,-0.02,2.25,0.17,0.2,0.12,0,1,0,1,0,1,0,1,0,1,0,1,0,1,0,1,0,1,0,1,0,1,0,1,0,,,,,,,,,,,,,,,,,,,,,,,,,,,,,,,,,,,,,,,,,,,,,,,,,,,,,,,,,,,,,,,,,,,,,,,,,,,,,,,,,,,,,,,,,,,,,,,,,,,,,,,,,,,,,,,,,,,,,,,,,,,,
Mob Graze,Morris,2019,iwg.harvest,iwg,201,90161,Hay,Undefined,Hay,2/17/2021 9:31:10 AM,91.59,7.26,0.6,39.66,69.37,1.25,7.65,6.09,3.15,4.69,9.69,48.12,44.18,35.49,0.24,0.14,2.41,0.1,0.16,0.15,0,1,0,1,0,1,0,1,0,1,0,1,0,1,0,1,0,1,0,1,0,1,0,1,0,,,,,,,,,,,,,,,,,,,,,,,,,,,,,,,,,,,,,,,,,,,,,,,,,,,,,,,,,,,,,,,,,,,,,,,,,,,,,,,,,,,,,,,,,,,,,,,,,,,,,,,,,,,,,,,,,,,,,,,,,,,,
Mob Graze,Morris,2019,iwg.harvest,iwg,202,90162,Hay,Undefined,Hay,2/17/2021 9:34:21 AM,92.42,6.07,0.8,45.05,72.2,1.7,8.15,6.57,2.65,4.17,7.64,49.57,46.78,33.9,0.41,0.94,2.78,0.27,0.2,0.14,0,1,0,1,0,1,0,1,0,1,0,1,0,1,0,1,0,1,0,1,0,1,0,1,0,,,,,,,,,,,,,,,,,,,,,,,,,,,,,,,,,,,,,,,,,,,,,,,,,,,,,,,,,,,,,,,,,,,,,,,,,,,,,,,,,,,,,,,,,,,,,,,,,,,,,,,,,,,,,,,,,,,,,,,,,,,,
Mob Graze,Morris,2019,iwg.harvest,iwg,203,90163,Hay,Undefined,Hay,2/17/2021 9:40:14 AM,93.81,10.17,0.92,44.08,72.33,1.36,9.71,7.75,3.84,7.38,4.52,40.43,32.73,22.41,0.31,0.23,2.63,0.23,0.22,0.12,0,1,0,1,0,1,0,1,0,1,0,1,0,1,0,1,0,1,0,1,0,1,0,1,0,,,,,,,,,,,,,,,,,,,,,,,,,,,,,,,,,,,,,,,,,,,,,,,,,,,,,,,,,,,,,,,,,,,,,,,,,,,,,,,,,,,,,,,,,,,,,,,,,,,,,,,,,,,,,,,,,,,,,,,,,,,,
Mob Graze,Morris,2019,iwg.harvest,iwg,204,90164,Hay,Undefined,Hay,2/17/2021 9:43:01 AM,93.06,6.58,1.03,47.65,77.74,1.41,8.14,8.18,3.48,3.92,6.78,52.66,49.98,35.09,0.27,0.74,2.43,0.22,0.18,0.13,0,1,0,1,0,1,0,1,0,1,0,1,0,1,0,1,0,1,0,1,0,1,0,1,0,,,,,,,,,,,,,,,,,,,,,,,,,,,,,,,,,,,,,,,,,,,,,,,,,,,,,,,,,,,,,,,,,,,,,,,,,,,,,,,,,,,,,,,,,,,,,,,,,,,,,,,,,,,,,,,,,,,,,,,,,,,,
Mob Graze,Morris,2019,iwg.harvest,iwg,205,90165,Hay,Undefined,Hay,2/17/2021 9:45:26 AM,92.54,8.07,0.89,45.41,70.97,1.78,7.95,7.59,2.71,5.17,7.13,49.18,46.63,31.09,0.48,1.04,2.9,0.28,0.22,0.15,0,1,0,1,0,1,0,1,0,1,0,1,0,1,0,1,0,1,0,1,0,1,0,1,0,,,,,,,,,,,,,,,,,,,,,,,,,,,,,,,,,,,,,,,,,,,,,,,,,,,,,,,,,,,,,,,,,,,,,,,,,,,,,,,,,,,,,,,,,,,,,,,,,,,,,,,,,,,,,,,,,,,,,,,,,,,,
Mob Graze,Morris,2019,iwg.harvest,iwg,206,90166,Hay,Undefined,Hay,2/17/2021 9:47:41 AM,92.08,9.06,0.58,40.57,67.01,1.8,6.67,6.08,2.16,4.77,9.95,47.8,43.9,28.42,0.31,0.45,3.03,0.18,0.22,0.15,0,1,0,1,0,1,0,1,0,1,0,1,0,1,0,1,0,1,0,1,0,1,0,1,0,,,,,,,,,,,,,,,,,,,,,,,,,,,,,,,,,,,,,,,,,,,,,,,,,,,,,,,,,,,,,,,,,,,,,,,,,,,,,,,,,,,,,,,,,,,,,,,,,,,,,,,,,,,,,,,,,,,,,,,,,,,,
Mob Graze,Morris,2019,iwg.harvest,iwg,207,90167,Hay,Undefined,Hay,2/17/2021 9:49:49 AM,91.22,9.35,0.36,32.6,57,1.66,6.29,4.84,1.66,5.83,13.61,36.61,32.87,22.85,0.35,0.15,2.39,0.16,0.19,0.16,0,1,0,1,0,1,0,1,0,1,0,1,0,1,0,1,0,1,0,1,0,1,0,1,0,,,,,,,,,,,,,,,,,,,,,,,,,,,,,,,,,,,,,,,,,,,,,,,,,,,,,,,,,,,,,,,,,,,,,,,,,,,,,,,,,,,,,,,,,,,,,,,,,,,,,,,,,,,,,,,,,,,,,,,,,,,,
Mob Graze,Morris,2019,iwg.harvest,iwg,208,90168,Hay,Undefined,Hay,2/17/2021 9:52:02 AM,92.03,8.45,0.71,40.38,66.21,1.77,7.8,6.32,2.56,5.88,10.15,44.28,40.19,29.12,0.45,0.65,2.78,0.26,0.22,0.16,0,1,0,1,0,1,0,1,0,1,0,1,0,1,0,1,0,1,0,1,0,1,0,1,0,,,,,,,,,,,,,,,,,,,,,,,,,,,,,,,,,,,,,,,,,,,,,,,,,,,,,,,,,,,,,,,,,,,,,,,,,,,,,,,,,,,,,,,,,,,,,,,,,,,,,,,,,,,,,,,,,,,,,,,,,,,,
Mob Graze,Morris,2019,iwg.harvest,iwg,301,90169,Hay,Undefined,Hay,2/17/2021 9:59:31 AM,92.41,8.2,1.07,45.21,70.94,1.79,7.57,7.72,2.87,5.9,8.24,49.35,46.73,31.82,0.55,0.73,2.62,0.3,0.22,0.16,0,1,0,1,0,1,0,1,0,1,0,1,0,1,0,1,0,1,0,1,0,1,0,1,0,,,,,,,,,,,,,,,,,,,,,,,,,,,,,,,,,,,,,,,,,,,,,,,,,,,,,,,,,,,,,,,,,,,,,,,,,,,,,,,,,,,,,,,,,,,,,,,,,,,,,,,,,,,,,,,,,,,,,,,,,,,,
Mob Graze,Morris,2019,iwg.harvest,iwg,302,90170,Hay,Undefined,Hay,2/17/2021 10:10:47 AM,91.51,9.07,0.44,35.56,60.17,1.58,7.21,5.61,1.98,6.14,12.9,40.82,36.21,26.68,0.37,0.29,2.56,0.16,0.2,0.16,0,1,0,1,0,1,0,1,0,1,0,1,0,1,0,1,0,1,0,1,0,1,0,1,0,,,,,,,,,,,,,,,,,,,,,,,,,,,,,,,,,,,,,,,,,,,,,,,,,,,,,,,,,,,,,,,,,,,,,,,,,,,,,,,,,,,,,,,,,,,,,,,,,,,,,,,,,,,,,,,,,,,,,,,,,,,,
Mob Graze,Morris,2019,iwg.harvest,iwg,303,90171,Hay,Undefined,Hay,2/17/2021 10:13:51 AM,92.09,10.41,0.61,38.92,63.23,1.79,8.04,6.59,2.43,6.78,10.4,40.93,36.83,23.6,0.54,0.51,2.98,0.27,0.23,0.16,0,1,0,1,0,1,0,1,0,1,0,1,0,1,0,1,0,1,0,1,0,1,0,1,0,1,0,1,0,1,0,1,0,1,0,1,0,1,0,1,Hay April 7 2009.cal,1,Hay April 7 2009.cal,2,Hay April 7 2009.cal,3,Hay April 7 2009.cal,4,Hay April 7 2009.cal,5,Hay April 7 2009.cal,6,Hay April 7 2009.cal,7,Hay April 7 2009.cal,8,Hay April 7 2009.cal,9,Hay April 7 2009.cal,10,Hay April 7 2009.cal,11,Hay April 7 2009.cal,12,Hay April 7 2009.cal,13,Hay April 7 2009.cal,14,Hay April 7 2009.cal,16,Hay April 7 2009.cal,17,Hay April 7 2009.cal,18,Hay April 7 2009.cal,19,Hay April 7 2009.cal,21,Hay April 7 2009.cal,22,SNIR6032,Unknown,"Large Tray, rotating",1,1,"Large Tray, rotating",1,1,,3.68,5,10,2.28,5,10,1.95,5,10,2.21,5,10,3.03,5,10,1.92,5,10,2.7,5,10,2.96,5,10,2.47,5,10,1.49,5,10,2.56,5,10,2.95,5,10,2.04,5,10,6.16,5,10,3.23,5,10,4.92,5,10,3.52,5,10,2.93,5,10,3.21,5,10,1.61,5,10
Mob Graze,Morris,2019,iwg.harvest,iwg,304,90172,Hay,Undefined,Hay,2/17/2021 10:16:53 AM,92.76,7.68,0.8,42.05,69.47,1.72,7.94,6.1,2.84,5.19,8.07,48.46,46.07,29.2,0.46,1.03,2.72,0.25,0.2,0.16,0,1,0,1,0,1,0,1,0,1,0,1,0,1,0,1,0,1,0,1,0,1,0,1,0,1,0,1,0,1,0,1,0,1,0,1,0,1,0,1,Hay April 7 2009.cal,1,Hay April 7 2009.cal,2,Hay April 7 2009.cal,3,Hay April 7 2009.cal,4,Hay April 7 2009.cal,5,Hay April 7 2009.cal,6,Hay April 7 2009.cal,7,Hay April 7 2009.cal,8,Hay April 7 2009.cal,9,Hay April 7 2009.cal,10,Hay April 7 2009.cal,11,Hay April 7 2009.cal,12,Hay April 7 2009.cal,13,Hay April 7 2009.cal,14,Hay April 7 2009.cal,16,Hay April 7 2009.cal,17,Hay April 7 2009.cal,18,Hay April 7 2009.cal,19,Hay April 7 2009.cal,21,Hay April 7 2009.cal,22,SNIR6032,Unknown,"Large Tray, rotating",1,1,"Large Tray, rotating",1,1,,1.99,5,10,1.57,5,10,1.13,5,10,1.4,5,10,1.57,5,10,1.39,5,10,1.96,5,10,1.85,5,10,1.64,5,10,1.18,5,10,1.78,5,10,2.5,5,10,1.75,5,10,4.83,5,10,2.11,5,10,3.29,5,10,2.97,5,10,2.21,5,10,1.7,5,10,0.58,5,10
Mob Graze,Morris,2019,iwg.harvest,iwg,305,90173,Hay,Undefined,Hay,2/17/2021 10:19:30 AM,91.67,7.81,0.48,36.61,60.53,1.64,6.18,5.9,1.83,4.66,12.13,40.26,37.69,25.66,0.46,0.37,2.39,0.2,0.18,0.15,0,1,0,1,0,1,0,1,0,1,0,1,0,1,0,1,0,1,0,1,0,1,0,1,0,1,0,1,0,1,0,1,0,1,0,1,0,1,0,1,Hay April 7 2009.cal,1,Hay April 7 2009.cal,2,Hay April 7 2009.cal,3,Hay April 7 2009.cal,4,Hay April 7 2009.cal,5,Hay April 7 2009.cal,6,Hay April 7 2009.cal,7,Hay April 7 2009.cal,8,Hay April 7 2009.cal,9,Hay April 7 2009.cal,10,Hay April 7 2009.cal,11,Hay April 7 2009.cal,12,Hay April 7 2009.cal,13,Hay April 7 2009.cal,14,Hay April 7 2009.cal,16,Hay April 7 2009.cal,17,Hay April 7 2009.cal,18,Hay April 7 2009.cal,19,Hay April 7 2009.cal,21,Hay April 7 2009.cal,22,SNIR6032,Unknown,"Large Tray, rotating",1,1,"Large Tray, rotating",1,1,,2.52,5,10,1.97,5,10,1.4,5,10,1.73,5,10,2.11,5,10,1.65,5,10,2.45,5,10,2.38,5,10,2.08,5,10,1.64,5,10,2.32,5,10,3.33,5,10,2.16,5,10,6.01,5,10,2.84,5,10,4.78,5,10,4.03,5,10,2.96,5,10,2.25,5,10,0.72,5,10
Mob Graze,Morris,2019,iwg.harvest,iwg,306,90174,Hay,Undefined,Hay,2/17/2021 10:22:49 AM,92.45,7.05,0.61,40.15,67.92,1.68,7.78,5.39,2.72,4.69,9.21,46.7,43.72,29.54,0.38,0.8,2.66,0.23,0.2,0.15,0,1,0,1,0,1,0,1,0,1,0,1,0,1,0,1,0,1,0,1,0,1,0,1,0,1,0,1,0,1,0,1,0,1,0,1,0,1,0,1,Hay April 7 2009.cal,1,Hay April 7 2009.cal,2,Hay April 7 2009.cal,3,Hay April 7 2009.cal,4,Hay April 7 2009.cal,5,Hay April 7 2009.cal,6,Hay April 7 2009.cal,7,Hay April 7 2009.cal,8,Hay April 7 2009.cal,9,Hay April 7 2009.cal,10,Hay April 7 2009.cal,11,Hay April 7 2009.cal,12,Hay April 7 2009.cal,13,Hay April 7 2009.cal,14,Hay April 7 2009.cal,16,Hay April 7 2009.cal,17,Hay April 7 2009.cal,18,Hay April 7 2009.cal,19,Hay April 7 2009.cal,21,Hay April 7 2009.cal,22,SNIR6032,Unknown,"Large Tray, rotating",1,1,"Large Tray, rotating",1,1,,2.44,5,10,1.89,5,10,1.37,5,10,1.66,5,10,2.05,5,10,1.65,5,10,2.39,5,10,2.28,5,10,1.96,5,10,1.57,5,10,2.24,5,10,2.67,5,10,1.52,5,10,5.02,5,10,2.45,5,10,4.09,5,10,3.62,5,10,2.95,5,10,1.96,5,10,0.74,5,10
Mob Graze,Morris,2019,iwg.harvest,iwg,307,90175,Hay,Undefined,Hay,2/17/2021 10:26:04 AM,91.48,8.34,0.36,35.33,60.28,1.69,6.57,4.59,1.74,5.05,12.02,38.9,35.16,23.24,0.35,0.32,2.63,0.17,0.2,0.15,0,1,0,1,0,1,0,1,0,1,0,1,0,1,0,1,0,1,0,1,0,1,0,1,0,1,0,1,0,1,0,1,0,1,0,1,0,1,0,1,Hay April 7 2009.cal,1,Hay April 7 2009.cal,2,Hay April 7 2009.cal,3,Hay April 7 2009.cal,4,Hay April 7 2009.cal,5,Hay April 7 2009.cal,6,Hay April 7 2009.cal,7,Hay April 7 2009.cal,8,Hay April 7 2009.cal,9,Hay April 7 2009.cal,10,Hay April 7 2009.cal,11,Hay April 7 2009.cal,12,Hay April 7 2009.cal,13,Hay April 7 2009.cal,14,Hay April 7 2009.cal,16,Hay April 7 2009.cal,17,Hay April 7 2009.cal,18,Hay April 7 2009.cal,19,Hay April 7 2009.cal,21,Hay April 7 2009.cal,22,SNIR6032,Unknown,"Large Tray, rotating",1,1,"Large Tray, rotating",1,1,,2.24,5,10,1.76,5,10,1.36,5,10,1.61,5,10,1.74,5,10,1.53,5,10,2.09,5,10,1.98,5,10,1.83,5,10,1.42,5,10,1.99,5,10,2.56,5,10,1.23,5,10,4.38,5,10,2.19,5,10,3.61,5,10,3.24,5,10,3.36,5,10,1.88,5,10,1.06,5,10
Mob Graze,Morris,2019,iwg.harvest,iwg,308,90176,Hay,Undefined,Hay,2/17/2021 10:28:20 AM,92.18,8.15,0.96,43.64,70.23,1.48,9.01,7.34,3.8,6.52,7.02,42.7,37.95,27.54,0.43,0.94,2.69,0.25,0.21,0.15,0,1,0,1,0,1,0,1,0,1,0,1,0,1,0,1,0,1,0,1,0,1,0,1,0,1,0,1,0,1,0,1,0,1,0,1,0,1,0,1,Hay April 7 2009.cal,1,Hay April 7 2009.cal,2,Hay April 7 2009.cal,3,Hay April 7 2009.cal,4,Hay April 7 2009.cal,5,Hay April 7 2009.cal,6,Hay April 7 2009.cal,7,Hay April 7 2009.cal,8,Hay April 7 2009.cal,9,Hay April 7 2009.cal,10,Hay April 7 2009.cal,11,Hay April 7 2009.cal,12,Hay April 7 2009.cal,13,Hay April 7 2009.cal,14,Hay April 7 2009.cal,16,Hay April 7 2009.cal,17,Hay April 7 2009.cal,18,Hay April 7 2009.cal,19,Hay April 7 2009.cal,21,Hay April 7 2009.cal,22,SNIR6032,Unknown,"Large Tray, rotating",1,1,"Large Tray, rotating",1,1,,1.95,5,10,1.58,5,10,1.16,5,10,1.37,5,10,1.53,5,10,1.41,5,10,1.98,5,10,1.73,5,10,1.66,5,10,1.17,5,10,1.62,5,10,1.8,5,10,1.28,5,10,3.24,5,10,1.75,5,10,2.52,5,10,2.43,5,10,1.9,5,10,1.45,5,10,0.81,5,10
Mob Graze,Morris,2019,iwg.harvest,alf,101,90177,Hay,Undefined,Hay,2/17/2021 1:20:51 PM,91,16.3,1.43,38.76,51.96,1.61,10.47,7.08,2.93,14.83,6,34.28,32.63,26.23,1.35,1.35,2.09,0.38,0.21,0.23,0,1,0,1,0,1,0,1,0,1,0,1,0,1,0,1,0,1,0,1,0,1,0,1,0,1,0,1,0,1,0,1,0,1,0,1,0,1,0,1,Hay April 7 2009.cal,1,Hay April 7 2009.cal,2,Hay April 7 2009.cal,3,Hay April 7 2009.cal,4,Hay April 7 2009.cal,5,Hay April 7 2009.cal,6,Hay April 7 2009.cal,7,Hay April 7 2009.cal,8,Hay April 7 2009.cal,9,Hay April 7 2009.cal,10,Hay April 7 2009.cal,11,Hay April 7 2009.cal,12,Hay April 7 2009.cal,13,Hay April 7 2009.cal,14,Hay April 7 2009.cal,16,Hay April 7 2009.cal,17,Hay April 7 2009.cal,18,Hay April 7 2009.cal,19,Hay April 7 2009.cal,21,Hay April 7 2009.cal,22,SNIR6032,Unknown,"Large Tray, rotating",1,1,"Large Tray, rotating",1,1,,3.49,5,10,2.47,5,10,2.21,5,10,2.54,5,10,3.19,5,10,2.12,5,10,3.01,5,10,3.34,5,10,2.71,5,10,1.61,5,10,2.72,5,10,3.21,5,10,2.4,5,10,6.02,5,10,3.33,5,10,4.87,5,10,3.62,5,10,3.59,5,10,4.12,5,10,2.01,5,10
Mob Graze,Morris,2019,iwg.harvest,alf,104,90178,Hay,Undefined,Hay,2/17/2021 1:23:40 PM,91.94,18.36,0.9,31.98,42.12,1.5,9.7,6.64,1.9,15.48,8.82,30.65,27.3,22.26,1.36,0.3,2.63,0.28,0.22,0.24,0,1,0,1,0,1,0,1,0,1,0,1,0,1,0,1,0,1,0,1,0,1,0,1,0,1,0,1,0,1,0,1,0,1,0,1,0,1,0,1,Hay April 7 2009.cal,1,Hay April 7 2009.cal,2,Hay April 7 2009.cal,3,Hay April 7 2009.cal,4,Hay April 7 2009.cal,5,Hay April 7 2009.cal,6,Hay April 7 2009.cal,7,Hay April 7 2009.cal,8,Hay April 7 2009.cal,9,Hay April 7 2009.cal,10,Hay April 7 2009.cal,11,Hay April 7 2009.cal,12,Hay April 7 2009.cal,13,Hay April 7 2009.cal,14,Hay April 7 2009.cal,16,Hay April 7 2009.cal,17,Hay April 7 2009.cal,18,Hay April 7 2009.cal,19,Hay April 7 2009.cal,21,Hay April 7 2009.cal,22,SNIR6032,Unknown,"Large Tray, rotating",1,1,"Large Tray, rotating",1,1,,5.85,5,10,2.75,5,10,3.34,5,10,4.18,5,10,3.51,5,10,2.38,5,10,2.87,5,10,3.05,5,10,2.77,5,10,1.73,5,10,2.15,5,10,15.4,5,10,6.26,5,10,9.74,5,10,9.12,5,10,10.24,5,10,8.01,5,10,8.75,5,10,6.98,5,10,2.78,5,10
Mob Graze,Morris,2019,iwg.harvest,alf,106,90179,Hay,Undefined,Hay,2/17/2021 1:25:35 PM,91.01,21.01,0.71,27.75,34.72,1.73,10.62,5.5,0.81,16.93,7.75,24.41,21.51,15.79,1.43,1.25,3.01,0.28,0.26,0.25,0,1,0,1,0,1,0,1,0,1,0,1,0,1,0,1,0,1,0,1,0,1,0,1,0,1,0,1,0,1,0,1,0,1,0,1,0,1,0,1,Hay April 7 2009.cal,1,Hay April 7 2009.cal,2,Hay April 7 2009.cal,3,Hay April 7 2009.cal,4,Hay April 7 2009.cal,5,Hay April 7 2009.cal,6,Hay April 7 2009.cal,7,Hay April 7 2009.cal,8,Hay April 7 2009.cal,9,Hay April 7 2009.cal,10,Hay April 7 2009.cal,11,Hay April 7 2009.cal,12,Hay April 7 2009.cal,13,Hay April 7 2009.cal,14,Hay April 7 2009.cal,16,Hay April 7 2009.cal,17,Hay April 7 2009.cal,18,Hay April 7 2009.cal,19,Hay April 7 2009.cal,21,Hay April 7 2009.cal,22,SNIR6032,Unknown,"Large Tray, rotating",1,1,"Large Tray, rotating",1,1,,3.23,5,10,2.32,5,10,2.02,5,10,2.15,5,10,2.94,5,10,2.46,5,10,3.69,5,10,3.11,5,10,2.73,5,10,1.55,5,10,2.8,5,10,5.25,5,10,5.83,5,10,9.32,5,10,3.06,5,10,4.92,5,10,3.78,5,10,2.73,5,10,2.7,5,10,1.23,5,10
Mob Graze,Morris,2019,iwg.harvest,alf,107,90180,Hay,Undefined,Hay,2/17/2021 1:28:03 PM,90.58,17.58,1.48,39.33,51.12,1.58,10.21,7.78,3.18,15.24,5.48,34.5,33.07,26.5,1.47,1.26,2.39,0.37,0.22,0.23,0,1,0,1,0,1,0,1,0,1,0,1,0,1,0,1,0,1,0,1,0,1,0,1,0,1,0,1,0,1,0,1,0,1,0,1,0,1,0,1,Hay April 7 2009.cal,1,Hay April 7 2009.cal,2,Hay April 7 2009.cal,3,Hay April 7 2009.cal,4,Hay April 7 2009.cal,5,Hay April 7 2009.cal,6,Hay April 7 2009.cal,7,Hay April 7 2009.cal,8,Hay April 7 2009.cal,9,Hay April 7 2009.cal,10,Hay April 7 2009.cal,11,Hay April 7 2009.cal,12,Hay April 7 2009.cal,13,Hay April 7 2009.cal,14,Hay April 7 2009.cal,16,Hay April 7 2009.cal,17,Hay April 7 2009.cal,18,Hay April 7 2009.cal,19,Hay April 7 2009.cal,21,Hay April 7 2009.cal,22,SNIR6032,Unknown,"Large Tray, rotating",1,1,"Large Tray, rotating",1,1,,3.74,5,10,2.66,5,10,2.38,5,10,2.44,5,10,2.99,5,10,2.43,5,10,3.41,5,10,3.33,5,10,2.89,5,10,1.95,5,10,3.19,5,10,4.88,5,10,2.66,5,10,7.77,5,10,3.44,5,10,5.62,5,10,4.99,5,10,5.06,5,10,3.44,5,10,1.88,5,10
Mob Graze,Morris,2019,iwg.harvest,alf,202,90181,Hay,Undefined,Hay,2/17/2021 1:31:26 PM,90.97,19.66,1.42,34.29,47.11,1.72,9.04,5.94,2.9,17.22,6.37,33.83,30.83,22.71,1.39,0.3,2.32,0.35,0.25,0.25,0,1,0,1,0,1,0,1,0,1,0,1,0,1,0,1,0,1,0,1,0,1,0,1,0,1,0,1,0,1,0,1,0,1,0,1,0,1,0,1,Hay April 7 2009.cal,1,Hay April 7 2009.cal,2,Hay April 7 2009.cal,3,Hay April 7 2009.cal,4,Hay April 7 2009.cal,5,Hay April 7 2009.cal,6,Hay April 7 2009.cal,7,Hay April 7 2009.cal,8,Hay April 7 2009.cal,9,Hay April 7 2009.cal,10,Hay April 7 2009.cal,11,Hay April 7 2009.cal,12,Hay April 7 2009.cal,13,Hay April 7 2009.cal,14,Hay April 7 2009.cal,16,Hay April 7 2009.cal,17,Hay April 7 2009.cal,18,Hay April 7 2009.cal,19,Hay April 7 2009.cal,21,Hay April 7 2009.cal,22,SNIR6032,Unknown,"Large Tray, rotating",1,1,"Large Tray, rotating",1,1,,6.51,5,10,3.69,5,10,4.78,5,10,6.1,5,10,4.47,5,10,3.45,5,10,4.34,5,10,4.74,5,10,4.07,5,10,1.93,5,10,2.96,5,10,17.07,5,10,7.68,5,10,21.71,5,10,14.38,5,10,15.42,5,10,10.82,5,10,12.67,5,10,11.48,5,10,2.41,5,10
Mob Graze,Morris,2019,iwg.harvest,alf,204,90182,Hay,Undefined,Hay,2/17/2021 1:34:09 PM,92.34,17.67,1.6,37.8,52.11,1.61,8.82,7.44,3.65,16.77,5.32,36.82,35.07,26.43,1.42,0.62,1.98,0.39,0.22,0.25,0,1,0,1,0,1,0,1,0,1,0,1,0,1,0,1,0,1,0,1,0,1,0,1,0,1,0,1,0,1,0,1,0,1,0,1,0,1,0,1,Hay April 7 2009.cal,1,Hay April 7 2009.cal,2,Hay April 7 2009.cal,3,Hay April 7 2009.cal,4,Hay April 7 2009.cal,5,Hay April 7 2009.cal,6,Hay April 7 2009.cal,7,Hay April 7 2009.cal,8,Hay April 7 2009.cal,9,Hay April 7 2009.cal,10,Hay April 7 2009.cal,11,Hay April 7 2009.cal,12,Hay April 7 2009.cal,13,Hay April 7 2009.cal,14,Hay April 7 2009.cal,16,Hay April 7 2009.cal,17,Hay April 7 2009.cal,18,Hay April 7 2009.cal,19,Hay April 7 2009.cal,21,Hay April 7 2009.cal,22,SNIR6032,Unknown,"Large Tray, rotating",1,1,"Large Tray, rotating",1,1,,5.4,5,10,3.47,5,10,2.95,5,10,2.92,5,10,4.63,5,10,2.74,5,10,4.55,5,10,4.67,5,10,3.88,5,10,1.92,5,10,3.81,5,10,4.02,5,10,2.12,5,10,11.46,5,10,4.17,5,10,6.08,5,10,3.91,5,10,3.65,5,10,3.8,5,10,1.33,5,10
Mob Graze,Morris,2019,iwg.harvest,alf,205,90183,Hay,Undefined,Hay,2/17/2021 1:38:00 PM,91.41,18.45,0.72,30.67,39.29,1.48,10.65,5.41,1.24,15.16,7.82,28.16,25.57,19.77,1.35,1.06,2.71,0.26,0.22,0.23,0,1,0,1,0,1,0,1,0,1,0,1,0,1,0,1,0,1,0,1,0,1,0,1,0,1,0,1,0,1,0,1,0,1,0,1,0,1,0,1,Hay April 7 2009.cal,1,Hay April 7 2009.cal,2,Hay April 7 2009.cal,3,Hay April 7 2009.cal,4,Hay April 7 2009.cal,5,Hay April 7 2009.cal,6,Hay April 7 2009.cal,7,Hay April 7 2009.cal,8,Hay April 7 2009.cal,9,Hay April 7 2009.cal,10,Hay April 7 2009.cal,11,Hay April 7 2009.cal,12,Hay April 7 2009.cal,13,Hay April 7 2009.cal,14,Hay April 7 2009.cal,16,Hay April 7 2009.cal,17,Hay April 7 2009.cal,18,Hay April 7 2009.cal,19,Hay April 7 2009.cal,21,Hay April 7 2009.cal,22,SNIR6032,Unknown,"Large Tray, rotating",1,1,"Large Tray, rotating",1,1,,3.16,5,10,2.39,5,10,2.15,5,10,2.36,5,10,2.69,5,10,2.28,5,10,2.96,5,10,3.05,5,10,2.56,5,10,1.64,5,10,2.76,5,10,3.9,5,10,2.62,5,10,6.02,5,10,3.19,5,10,4.89,5,10,4.22,5,10,4.58,5,10,3.7,5,10,2.08,5,10
Mob Graze,Morris,2019,iwg.harvest,alf,207,90184,Hay,Undefined,Hay,2/17/2021 1:42:54 PM,91.71,19.61,0.53,27.36,35.79,1.61,10.88,4.5,0.8,16.44,8.21,25.24,21.5,16.41,1.34,1.08,2.69,0.28,0.23,0.24,0,1,0,1,0,1,0,1,0,1,0,1,0,1,0,1,0,1,0,1,0,1,0,1,0,1,0,1,0,1,0,1,0,1,0,1,0,1,0,1,Hay April 7 2009.cal,1,Hay April 7 2009.cal,2,Hay April 7 2009.cal,3,Hay April 7 2009.cal,4,Hay April 7 2009.cal,5,Hay April 7 2009.cal,6,Hay April 7 2009.cal,7,Hay April 7 2009.cal,8,Hay April 7 2009.cal,9,Hay April 7 2009.cal,10,Hay April 7 2009.cal,11,Hay April 7 2009.cal,12,Hay April 7 2009.cal,13,Hay April 7 2009.cal,14,Hay April 7 2009.cal,16,Hay April 7 2009.cal,17,Hay April 7 2009.cal,18,Hay April 7 2009.cal,19,Hay April 7 2009.cal,21,Hay April 7 2009.cal,22,SNIR6032,Unknown,"Large Tray, rotating",1,1,"Large Tray, rotating",1,1,,2.08,5,10,1.87,5,10,1.36,5,10,1.58,5,10,1.83,5,10,1.47,5,10,2.12,5,10,2.09,5,10,1.86,5,10,1.2,5,10,2.09,5,10,2.16,5,10,1.23,5,10,4.99,5,10,2.03,5,10,3.06,5,10,2.7,5,10,2.42,5,10,2.1,5,10,1.14,5,10
Mob Graze,Morris,2019,iwg.harvest,alf,301,90185,Hay,Undefined,Hay,2/17/2021 1:47:28 PM,93.32,17.03,1.36,41.94,56.88,1.8,10.78,7.78,3.29,16.32,2.05,40.84,38.67,30.01,1.58,1.25,2.22,0.49,0.2,0.23,0,1,0,1,0,1,0,1,0,1,0,1,0,1,0,1,0,1,0,1,0,1,0,1,0,1,0,1,0,1,0,1,0,1,0,1,0,1,0,1,Hay April 7 2009.cal,1,Hay April 7 2009.cal,2,Hay April 7 2009.cal,3,Hay April 7 2009.cal,4,Hay April 7 2009.cal,5,Hay April 7 2009.cal,6,Hay April 7 2009.cal,7,Hay April 7 2009.cal,8,Hay April 7 2009.cal,9,Hay April 7 2009.cal,10,Hay April 7 2009.cal,11,Hay April 7 2009.cal,12,Hay April 7 2009.cal,13,Hay April 7 2009.cal,14,Hay April 7 2009.cal,16,Hay April 7 2009.cal,17,Hay April 7 2009.cal,18,Hay April 7 2009.cal,19,Hay April 7 2009.cal,21,Hay April 7 2009.cal,22,SNIR6032,Unknown,"Large Tray, rotating",1,1,"Large Tray, rotating",1,1,,1.96,5,10,1.53,5,10,1.14,5,10,1.38,5,10,1.53,5,10,1.37,5,10,1.93,5,10,1.83,5,10,1.56,5,10,1.17,5,10,1.58,5,10,2.13,5,10,1.61,5,10,3.64,5,10,2.08,5,10,3.09,5,10,2.82,5,10,2.05,5,10,1.68,5,10,0.58,5,10
Mob Graze,Morris,2019,iwg.harvest,alf,304,90186,Hay,Undefined,Hay,2/17/2021 1:51:24 PM,91.38,18.23,0.99,35.79,47.71,1.4,10.82,5.97,2.72,16.05,5.88,33.75,30.34,23.45,1.36,1.08,2.82,0.25,0.23,0.25,0,1,0,1,0,1,0,1,0,1,0,1,0,1,0,1,0,1,0,1,0,1,0,1,0,1,0,1,0,1,0,1,0,1,0,1,0,1,0,1,Hay April 7 2009.cal,1,Hay April 7 2009.cal,2,Hay April 7 2009.cal,3,Hay April 7 2009.cal,4,Hay April 7 2009.cal,5,Hay April 7 2009.cal,6,Hay April 7 2009.cal,7,Hay April 7 2009.cal,8,Hay April 7 2009.cal,9,Hay April 7 2009.cal,10,Hay April 7 2009.cal,11,Hay April 7 2009.cal,12,Hay April 7 2009.cal,13,Hay April 7 2009.cal,14,Hay April 7 2009.cal,16,Hay April 7 2009.cal,17,Hay April 7 2009.cal,18,Hay April 7 2009.cal,19,Hay April 7 2009.cal,21,Hay April 7 2009.cal,22,SNIR6032,Unknown,"Large Tray, rotating",1,1,"Large Tray, rotating",1,1,,2.64,5,10,1.97,5,10,1.68,5,10,1.85,5,10,2.05,5,10,1.93,5,10,2.39,5,10,2.35,5,10,2.1,5,10,1.56,5,10,2.39,5,10,3.78,5,10,2.03,5,10,6.2,5,10,2.63,5,10,4.42,5,10,3.81,5,10,4.17,5,10,2.45,5,10,1.49,5,10
Mob Graze,Morris,2019,iwg.harvest,alf,305,90187,Hay,Undefined,Hay,2/17/2021 1:58:06 PM,91.52,17.9,1.39,38.27,50.26,1.7,10.06,7.62,2.82,15.81,4.49,35.22,33.37,25.57,1.51,0.96,2.46,0.4,0.22,0.24,0,1,0,1,0,1,0,1,0,1,0,1,0,1,0,1,0,1,0,1,0,1,0,1,0,1,0,1,0,1,0,1,0,1,0,1,0,1,0,1,Hay April 7 2009.cal,1,Hay April 7 2009.cal,2,Hay April 7 2009.cal,3,Hay April 7 2009.cal,4,Hay April 7 2009.cal,5,Hay April 7 2009.cal,6,Hay April 7 2009.cal,7,Hay April 7 2009.cal,8,Hay April 7 2009.cal,9,Hay April 7 2009.cal,10,Hay April 7 2009.cal,11,Hay April 7 2009.cal,12,Hay April 7 2009.cal,13,Hay April 7 2009.cal,14,Hay April 7 2009.cal,16,Hay April 7 2009.cal,17,Hay April 7 2009.cal,18,Hay April 7 2009.cal,19,Hay April 7 2009.cal,21,Hay April 7 2009.cal,22,SNIR6032,Unknown,"Large Tray, rotating",1,1,"Large Tray, rotating",1,1,,3.04,5,10,2.31,5,10,2.2,5,10,2.39,5,10,2.73,5,10,2.08,5,10,2.72,5,10,2.92,5,10,2.47,5,10,1.61,5,10,2.81,5,10,3.99,5,10,2.6,5,10,5.96,5,10,3.13,5,10,4.94,5,10,4.06,5,10,4.27,5,10,3.63,5,10,2.05,5,10
Mob Graze,Morris,2019,iwg.harvest,alf,308,90188,Hay,Undefined,Hay,2/17/2021 2:01:24 PM,91.26,18.99,1.23,36.3,48.03,1.62,9.63,7.46,2.64,15.59,6.99,34.95,31.82,23.89,1.33,0.49,2.66,0.3,0.24,0.24,0,1,0,1,0,1,0,1,0,1,0,1,0,1,0,1,0,1,0,1,0,1,0,1,0,1,0,1,0,1,0,1,0,1,0,1,0,1,0,1,Hay April 7 2009.cal,1,Hay April 7 2009.cal,2,Hay April 7 2009.cal,3,Hay April 7 2009.cal,4,Hay April 7 2009.cal,5,Hay April 7 2009.cal,6,Hay April 7 2009.cal,7,Hay April 7 2009.cal,8,Hay April 7 2009.cal,9,Hay April 7 2009.cal,10,Hay April 7 2009.cal,11,Hay April 7 2009.cal,12,Hay April 7 2009.cal,13,Hay April 7 2009.cal,14,Hay April 7 2009.cal,16,Hay April 7 2009.cal,17,Hay April 7 2009.cal,18,Hay April 7 2009.cal,19,Hay April 7 2009.cal,21,Hay April 7 2009.cal,22,SNIR6032,Unknown,"Large Tray, rotating",1,1,"Large Tray, rotating",1,1,,2.27,5,10,1.67,5,10,1.22,5,10,1.45,5,10,1.7,5,10,1.42,5,10,2.19,5,10,2.08,5,10,1.87,5,10,1.11,5,10,1.93,5,10,2.74,5,10,1.96,5,10,5.76,5,10,2.24,5,10,3.59,5,10,3,5,10,2.16,5,10,1.83,5,10,0.5,5,10
Mob Graze,Morris,2019,spring.pregraze,iwg,101,90559,,,,,96.06,3.93,0.72,48.3,85.05,1.81,3.45,7.43,1.62,1.1,8.44,75.49,72.27,48.03,-0.06,0.37,1.23,0.12,0.14,0.1,,,,,,,,,,,,,,,,,,,,,,,,,,1,0,1,0,1,0,1,0,1,0,1,0,1,0,1,Hay April 7 2009.cal,1,Hay April 7 2009.cal,2,Hay April 7 2009.cal,3,Hay April 7 2009.cal,4,Hay April 7 2009.cal,5,Hay April 7 2009.cal,6,Hay April 7 2009.cal,7,Hay April 7 2009.cal,8,Hay April 7 2009.cal,9,Hay April 7 2009.cal,10,Hay April 7 2009.cal,11,Hay April 7 2009.cal,12,Hay April 7 2009.cal,13,Hay April 7 2009.cal,14,Hay April 7 2009.cal,16,Hay April 7 2009.cal,17,Hay April 7 2009.cal,18,Hay April 7 2009.cal,19,Hay April 7 2009.cal,21,Hay April 7 2009.cal,22,SNIR6032,Unknown,"Large Tray, rotating",1,1,"Large Tray, rotating",1,1,,2.94,5,10,2.35,5,10,1.87,5,10,1.97,5,10,2.36,5,10,2.31,5,10,2.79,5,10,2.68,5,10,2.46,5,10,1.66,5,10,2.74,5,10,3.36,5,10,1.99,5,10,6.18,5,10,2.73,5,10,4.72,5,10,3.74,5,10,4.3,5,10,2.43,5,10,1.52,5,10
Mob Graze,Morris,2019,spring.pregraze,iwg,102,90560,,,,,93.63,4.52,0.7,44.43,74.61,1.65,2.67,7.55,1.41,0.71,12.95,60.64,58.83,42.58,0.11,0.08,1.29,0.12,0.14,0.11,,,,,,,,,,,,,,,,,,,,,,,,,,1,0,1,0,1,0,1,0,1,0,1,0,1,0,1,Hay April 7 2009.cal,1,Hay April 7 2009.cal,2,Hay April 7 2009.cal,3,Hay April 7 2009.cal,4,Hay April 7 2009.cal,5,Hay April 7 2009.cal,6,Hay April 7 2009.cal,7,Hay April 7 2009.cal,8,Hay April 7 2009.cal,9,Hay April 7 2009.cal,10,Hay April 7 2009.cal,11,Hay April 7 2009.cal,12,Hay April 7 2009.cal,13,Hay April 7 2009.cal,14,Hay April 7 2009.cal,16,Hay April 7 2009.cal,17,Hay April 7 2009.cal,18,Hay April 7 2009.cal,19,Hay April 7 2009.cal,21,Hay April 7 2009.cal,22,SNIR6032,Unknown,"Large Tray, rotating",1,1,"Large Tray, rotating",1,1,,3.09,5,10,2.34,5,10,2.05,5,10,2.21,5,10,2.79,5,10,2.07,5,10,3.03,5,10,2.85,5,10,2.52,5,10,1.63,5,10,2.9,5,10,4.82,5,10,2.23,5,10,8.06,5,10,3.03,5,10,5.17,5,10,4.24,5,10,4.19,5,10,3.02,5,10,1.52,5,10
Mob Graze,Morris,2019,spring.pregraze,iwg,103,90561,,,,,95.3,3.61,0.65,47.28,85.3,1.79,2.78,7.36,1.41,-0.67,7.79,77.45,77.17,52.36,-0.03,0.6,1.04,0.11,0.1,0.09,,,,,,,,,,,,,,,,,,,,,,,,,,1,0,1,0,1,0,1,0,1,0,1,0,1,0,1,Hay April 7 2009.cal,1,Hay April 7 2009.cal,2,Hay April 7 2009.cal,3,Hay April 7 2009.cal,4,Hay April 7 2009.cal,5,Hay April 7 2009.cal,6,Hay April 7 2009.cal,7,Hay April 7 2009.cal,8,Hay April 7 2009.cal,9,Hay April 7 2009.cal,10,Hay April 7 2009.cal,11,Hay April 7 2009.cal,12,Hay April 7 2009.cal,13,Hay April 7 2009.cal,14,Hay April 7 2009.cal,16,Hay April 7 2009.cal,17,Hay April 7 2009.cal,18,Hay April 7 2009.cal,19,Hay April 7 2009.cal,21,Hay April 7 2009.cal,22,SNIR6032,Unknown,"Large Tray, rotating",1,1,"Large Tray, rotating",1,1,,1.96,5,10,1.52,5,10,1.17,5,10,1.49,5,10,1.61,5,10,1.38,5,10,1.84,5,10,1.88,5,10,1.51,5,10,1.25,5,10,1.67,5,10,2.12,5,10,1.34,5,10,3.39,5,10,2.25,5,10,3.41,5,10,3.28,5,10,2.34,5,10,1.74,5,10,0.65,5,10
Mob Graze,Morris,2019,spring.pregraze,iwg,104,90562,,,,,93.85,4.77,0.83,47.43,79.31,1.76,4.08,6.83,1.83,1.95,9.22,66.6,63.94,46.77,0.14,0.08,1.32,0.17,0.15,0.11,,,,,,,,,,,,,,,,,,,,,,,,,,1,0,1,0,1,0,1,0,1,0,1,0,1,0,1,Hay April 7 2009.cal,1,Hay April 7 2009.cal,2,Hay April 7 2009.cal,3,Hay April 7 2009.cal,4,Hay April 7 2009.cal,5,Hay April 7 2009.cal,6,Hay April 7 2009.cal,7,Hay April 7 2009.cal,8,Hay April 7 2009.cal,9,Hay April 7 2009.cal,10,Hay April 7 2009.cal,11,Hay April 7 2009.cal,12,Hay April 7 2009.cal,13,Hay April 7 2009.cal,14,Hay April 7 2009.cal,16,Hay April 7 2009.cal,17,Hay April 7 2009.cal,18,Hay April 7 2009.cal,19,Hay April 7 2009.cal,21,Hay April 7 2009.cal,22,SNIR6032,Unknown,"Large Tray, rotating",1,1,"Large Tray, rotating",1,1,,2.91,5,10,2.09,5,10,1.66,5,10,2.03,5,10,2.32,5,10,1.82,5,10,2.73,5,10,2.53,5,10,2.23,5,10,1.59,5,10,2.47,5,10,5.1,5,10,2.44,5,10,8.23,5,10,3.18,5,10,5.38,5,10,4.88,5,10,4.08,5,10,2.77,5,10,1.28,5,10
Mob Graze,Morris,2019,spring.pregraze,iwg,105,90563,,,,,95.63,1.24,0.81,50.55,89.48,1.69,1.59,7.55,1.38,-2.55,7.18,82.49,82.62,59.33,-0.05,0.42,0.21,0.14,0.06,0.06,,,,,,,,,,,,,,,,,,,,,,,,,,1,0,1,0,1,0,1,0,1,0,1,0,1,0,1,Hay April 7 2009.cal,1,Hay April 7 2009.cal,2,Hay April 7 2009.cal,3,Hay April 7 2009.cal,4,Hay April 7 2009.cal,5,Hay April 7 2009.cal,6,Hay April 7 2009.cal,7,Hay April 7 2009.cal,8,Hay April 7 2009.cal,9,Hay April 7 2009.cal,10,Hay April 7 2009.cal,11,Hay April 7 2009.cal,12,Hay April 7 2009.cal,13,Hay April 7 2009.cal,14,Hay April 7 2009.cal,16,Hay April 7 2009.cal,17,Hay April 7 2009.cal,18,Hay April 7 2009.cal,19,Hay April 7 2009.cal,21,Hay April 7 2009.cal,22,SNIR6032,Unknown,"Large Tray, rotating",1,1,"Large Tray, rotating",1,1,,2.05,5,10,1.64,5,10,1.2,5,10,1.46,5,10,1.64,5,10,1.43,5,10,1.97,5,10,1.88,5,10,1.67,5,10,1.24,5,10,1.77,5,10,1.94,5,10,1.32,5,10,3.77,5,10,2.05,5,10,3.02,5,10,2.78,5,10,2.22,5,10,1.68,5,10,0.78,5,10
Mob Graze,Morris,2019,spring.pregraze,iwg,106,90564,,,,,94.15,4.11,0.73,43.52,77.13,1.69,2.67,6.8,1.78,0.22,11.52,64.59,62.82,43.58,0.04,0.1,0.79,0.13,0.12,0.1,,,,,,,,,,,,,,,,,,,,,,,,,,1,0,1,0,1,0,1,0,1,0,1,0,1,0,1,Hay April 7 2009.cal,1,Hay April 7 2009.cal,2,Hay April 7 2009.cal,3,Hay April 7 2009.cal,4,Hay April 7 2009.cal,5,Hay April 7 2009.cal,6,Hay April 7 2009.cal,7,Hay April 7 2009.cal,8,Hay April 7 2009.cal,9,Hay April 7 2009.cal,10,Hay April 7 2009.cal,11,Hay April 7 2009.cal,12,Hay April 7 2009.cal,13,Hay April 7 2009.cal,14,Hay April 7 2009.cal,16,Hay April 7 2009.cal,17,Hay April 7 2009.cal,18,Hay April 7 2009.cal,19,Hay April 7 2009.cal,21,Hay April 7 2009.cal,22,SNIR6032,Unknown,"Large Tray, rotating",1,1,"Large Tray, rotating",1,1,,4.38,5,10,2.67,5,10,2.31,5,10,2.23,5,10,3.47,5,10,2.06,5,10,3.3,5,10,3.69,5,10,2.95,5,10,1.59,5,10,3.1,5,10,3.65,5,10,2.31,5,10,8.99,5,10,3.68,5,10,4.84,5,10,3.15,5,10,3.23,5,10,3.11,5,10,1.41,5,10
Mob Graze,Morris,2019,spring.pregraze,iwg,107,90565,,,,,93.53,2.76,0.99,50.64,84.12,1.52,3.7,8.22,1.81,-0.32,8.29,72.29,71.58,54.21,0.04,0.02,0.77,0.13,0.1,0.09,,,,,,,,,,,,,,,,,,,,,,,,,,1,0,1,0,1,0,1,0,1,0,1,0,1,0,1,Hay April 7 2009.cal,1,Hay April 7 2009.cal,2,Hay April 7 2009.cal,3,Hay April 7 2009.cal,4,Hay April 7 2009.cal,5,Hay April 7 2009.cal,6,Hay April 7 2009.cal,7,Hay April 7 2009.cal,8,Hay April 7 2009.cal,9,Hay April 7 2009.cal,10,Hay April 7 2009.cal,11,Hay April 7 2009.cal,12,Hay April 7 2009.cal,13,Hay April 7 2009.cal,14,Hay April 7 2009.cal,16,Hay April 7 2009.cal,17,Hay April 7 2009.cal,18,Hay April 7 2009.cal,19,Hay April 7 2009.cal,21,Hay April 7 2009.cal,22,SNIR6032,Unknown,"Large Tray, rotating",1,1,"Large Tray, rotating",1,1,,2.76,5,10,2.08,5,10,1.89,5,10,1.69,5,10,2.52,5,10,1.56,5,10,2.55,5,10,2.99,5,10,2.27,5,10,1.29,5,10,2.4,5,10,2.48,5,10,2.38,5,10,5.39,5,10,2.23,5,10,4.43,5,10,2.4,5,10,1.98,5,10,2.03,5,10,1.35,5,10
Mob Graze,Morris,2019,spring.pregraze,iwg,108,90566,,,,,96.07,1.11,0.82,52.5,91.35,1.55,3.82,8.35,1.5,-1.95,4.52,85.46,84.66,58.88,0.03,0.69,0.36,0.12,0.05,0.06,,,,,,,,,,,,,,,,,,,,,,,,,,1,0,1,0,1,0,1,0,1,0,1,0,1,0,1,Hay April 7 2009.cal,1,Hay April 7 2009.cal,2,Hay April 7 2009.cal,3,Hay April 7 2009.cal,4,Hay April 7 2009.cal,5,Hay April 7 2009.cal,6,Hay April 7 2009.cal,7,Hay April 7 2009.cal,8,Hay April 7 2009.cal,9,Hay April 7 2009.cal,10,Hay April 7 2009.cal,11,Hay April 7 2009.cal,12,Hay April 7 2009.cal,13,Hay April 7 2009.cal,14,Hay April 7 2009.cal,16,Hay April 7 2009.cal,17,Hay April 7 2009.cal,18,Hay April 7 2009.cal,19,Hay April 7 2009.cal,21,Hay April 7 2009.cal,22,SNIR6032,Unknown,"Large Tray, rotating",1,1,"Large Tray, rotating",1,1,,2.39,5,10,1.65,5,10,1.37,5,10,1.39,5,10,1.84,5,10,1.39,5,10,2.38,5,10,2.45,5,10,2.02,5,10,0.96,5,10,1.84,5,10,2.21,5,10,3.05,5,10,6.59,5,10,2.29,5,10,4.54,5,10,2.28,5,10,1.76,5,10,1.76,5,10,0.73,5,10
Mob Graze,Morris,2019,spring.pregraze,iwg,201,90567,,,,,94.82,3.16,0.89,48.34,86.86,1.52,1.96,7.88,1.95,-1.18,9.58,78.69,78.95,56.05,-0.02,0.16,0.16,0.1,0.06,0.08,,,,,,,,,,,,,,,,,,,,,,,,,,1,0,1,0,1,0,1,0,1,0,1,0,1,0,1,Hay April 7 2009.cal,1,Hay April 7 2009.cal,2,Hay April 7 2009.cal,3,Hay April 7 2009.cal,4,Hay April 7 2009.cal,5,Hay April 7 2009.cal,6,Hay April 7 2009.cal,7,Hay April 7 2009.cal,8,Hay April 7 2009.cal,9,Hay April 7 2009.cal,10,Hay April 7 2009.cal,11,Hay April 7 2009.cal,12,Hay April 7 2009.cal,13,Hay April 7 2009.cal,14,Hay April 7 2009.cal,16,Hay April 7 2009.cal,17,Hay April 7 2009.cal,18,Hay April 7 2009.cal,19,Hay April 7 2009.cal,21,Hay April 7 2009.cal,22,SNIR6032,Unknown,"Large Tray, rotating",1,1,"Large Tray, rotating",1,1,,2.11,5,10,1.56,5,10,1.26,5,10,1.4,5,10,1.62,5,10,1.5,5,10,1.88,5,10,2.17,5,10,1.77,5,10,1.27,5,10,1.42,5,10,1.25,5,10,1.09,5,10,3.55,5,10,2.45,5,10,3.91,5,10,1.98,5,10,2.12,5,10,1.61,5,10,0.74,5,10
Mob Graze,Morris,2019,spring.pregraze,iwg,202,90568,,,,,97.51,4.01,0.71,45.55,83.68,1.84,4.45,6.17,1.69,1.25,6.22,80.73,75.6,48.63,0.1,0.91,0.54,0.2,0.11,0.08,,,,,,,,,,,,,,,,,,,,,,,,,,1,0,1,0,1,0,1,0,1,0,1,0,1,0,1,Hay April 7 2009.cal,1,Hay April 7 2009.cal,2,Hay April 7 2009.cal,3,Hay April 7 2009.cal,4,Hay April 7 2009.cal,5,Hay April 7 2009.cal,6,Hay April 7 2009.cal,7,Hay April 7 2009.cal,8,Hay April 7 2009.cal,9,Hay April 7 2009.cal,10,Hay April 7 2009.cal,11,Hay April 7 2009.cal,12,Hay April 7 2009.cal,13,Hay April 7 2009.cal,14,Hay April 7 2009.cal,16,Hay April 7 2009.cal,17,Hay April 7 2009.cal,18,Hay April 7 2009.cal,19,Hay April 7 2009.cal,21,Hay April 7 2009.cal,22,SNIR6032,Unknown,"Large Tray, rotating",1,1,"Large Tray, rotating",1,1,,3.11,5,10,2.47,5,10,2.21,5,10,1.98,5,10,2.97,5,10,1.77,5,10,3.14,5,10,3.56,5,10,2.85,5,10,1.41,5,10,2.79,5,10,2.94,5,10,2.41,5,10,6.93,5,10,2.8,5,10,5.85,5,10,3.09,5,10,2.41,5,10,2.34,5,10,1.36,5,10
Mob Graze,Morris,2019,spring.pregraze,iwg,203,90569,,,,,94.53,2.13,0.7,46.23,81.96,1.69,2.14,7.51,1.3,-1.17,10.24,72.82,71.78,53.31,0.04,0.39,0.28,0.15,0.07,0.07,,,,,,,,,,,,,,,,,,,,,,,,,,1,0,1,0,1,0,1,0,1,0,1,0,1,0,1,Hay April 7 2009.cal,1,Hay April 7 2009.cal,2,Hay April 7 2009.cal,3,Hay April 7 2009.cal,4,Hay April 7 2009.cal,5,Hay April 7 2009.cal,6,Hay April 7 2009.cal,7,Hay April 7 2009.cal,8,Hay April 7 2009.cal,9,Hay April 7 2009.cal,10,Hay April 7 2009.cal,11,Hay April 7 2009.cal,12,Hay April 7 2009.cal,13,Hay April 7 2009.cal,14,Hay April 7 2009.cal,16,Hay April 7 2009.cal,17,Hay April 7 2009.cal,18,Hay April 7 2009.cal,19,Hay April 7 2009.cal,21,Hay April 7 2009.cal,22,SNIR6032,Unknown,"Large Tray, rotating",1,1,"Large Tray, rotating",1,1,,2.56,5,10,2.04,5,10,1.89,5,10,1.53,5,10,2.27,5,10,1.41,5,10,2.75,5,10,2.81,5,10,2.26,5,10,1.18,5,10,2.3,5,10,3.08,5,10,2.21,5,10,7.09,5,10,2.19,5,10,4.47,5,10,2.16,5,10,1.8,5,10,1.6,5,10,1.02,5,10
Mob Graze,Morris,2019,spring.pregraze,iwg,204,90570,,,,,94.61,3.11,0.82,48.45,84.14,1.71,3.5,7.37,1.69,0.18,8.12,74.38,73.08,52.84,0.1,0.5,0.61,0.18,0.09,0.08,,,,,,,,,,,,,,,,,,,,,,,,,,1,0,1,0,1,0,1,0,1,0,1,0,1,0,1,Hay April 7 2009.cal,1,Hay April 7 2009.cal,2,Hay April 7 2009.cal,3,Hay April 7 2009.cal,4,Hay April 7 2009.cal,5,Hay April 7 2009.cal,6,Hay April 7 2009.cal,7,Hay April 7 2009.cal,8,Hay April 7 2009.cal,9,Hay April 7 2009.cal,10,Hay April 7 2009.cal,11,Hay April 7 2009.cal,12,Hay April 7 2009.cal,13,Hay April 7 2009.cal,14,Hay April 7 2009.cal,16,Hay April 7 2009.cal,17,Hay April 7 2009.cal,18,Hay April 7 2009.cal,19,Hay April 7 2009.cal,21,Hay April 7 2009.cal,22,SNIR6032,Unknown,"Large Tray, rotating",1,1,"Large Tray, rotating",1,1,,4.5,5,10,3.15,5,10,2.61,5,10,2.42,5,10,3.92,5,10,2.38,5,10,4.35,5,10,4.55,5,10,3.51,5,10,1.7,5,10,3.83,5,10,5.04,5,10,3.38,5,10,10.76,5,10,3.18,5,10,7.06,5,10,3.51,5,10,2.66,5,10,2.58,5,10,1.43,5,10
Mob Graze,Morris,2019,spring.pregraze,iwg,205,90571,,,,,93.49,4.87,0.77,46.23,77.44,1.71,3.13,7.69,1.72,1.29,10.87,63.65,61.26,43.53,0.08,0.06,1.75,0.11,0.16,0.12,,,,,,,,,,,,,,,,,,,,,,,,,,1,0,1,0,1,0,1,0,1,0,1,0,1,0,1,Hay April 7 2009.cal,1,Hay April 7 2009.cal,2,Hay April 7 2009.cal,3,Hay April 7 2009.cal,4,Hay April 7 2009.cal,5,Hay April 7 2009.cal,6,Hay April 7 2009.cal,7,Hay April 7 2009.cal,8,Hay April 7 2009.cal,9,Hay April 7 2009.cal,10,Hay April 7 2009.cal,11,Hay April 7 2009.cal,12,Hay April 7 2009.cal,13,Hay April 7 2009.cal,14,Hay April 7 2009.cal,16,Hay April 7 2009.cal,17,Hay April 7 2009.cal,18,Hay April 7 2009.cal,19,Hay April 7 2009.cal,21,Hay April 7 2009.cal,22,SNIR6032,Unknown,"Large Tray, rotating",1,1,"Large Tray, rotating",1,1,,1.85,5,10,1.22,5,10,1.16,5,10,1.29,5,10,1.31,5,10,1.33,5,10,1.73,5,10,1.91,5,10,1.58,5,10,0.96,5,10,1.24,5,10,1.66,5,10,2.51,5,10,4.4,5,10,2.25,5,10,4.04,5,10,2.01,5,10,1.64,5,10,1.64,5,10,0.74,5,10
Mob Graze,Morris,2019,spring.pregraze,iwg,206,90572,,,,,96.22,3.12,0.66,47.02,87.86,1.77,2.34,6.97,1.41,-1.29,7.74,79.66,79.87,49.78,-0.09,0.31,0.85,0.11,0.09,0.08,,,,,,,,,,,,,,,,,,,,,,,,,,1,0,1,0,1,0,1,0,1,0,1,0,1,0,1,Hay April 7 2009.cal,1,Hay April 7 2009.cal,2,Hay April 7 2009.cal,3,Hay April 7 2009.cal,4,Hay April 7 2009.cal,5,Hay April 7 2009.cal,6,Hay April 7 2009.cal,7,Hay April 7 2009.cal,8,Hay April 7 2009.cal,9,Hay April 7 2009.cal,10,Hay April 7 2009.cal,11,Hay April 7 2009.cal,12,Hay April 7 2009.cal,13,Hay April 7 2009.cal,14,Hay April 7 2009.cal,16,Hay April 7 2009.cal,17,Hay April 7 2009.cal,18,Hay April 7 2009.cal,19,Hay April 7 2009.cal,21,Hay April 7 2009.cal,22,SNIR6032,Unknown,"Large Tray, rotating",1,1,"Large Tray, rotating",1,1,,1.53,5,10,0.98,5,10,0.88,5,10,1.06,5,10,1.08,5,10,1.06,5,10,1.37,5,10,1.49,5,10,1.24,5,10,1.02,5,10,0.98,5,10,1.25,5,10,1.87,5,10,3.31,5,10,1.46,5,10,2.82,5,10,1.36,5,10,1.19,5,10,1.12,5,10,0.79,5,10
Mob Graze,Morris,2019,spring.pregraze,iwg,207,90573,,,,,95.26,4.88,0.63,42.45,79.16,1.81,3.53,6.19,1.45,1.05,9.48,68.02,65.96,39.35,0.03,0.43,1.28,0.12,0.13,0.1,,,,,,,,,,,,,,,,,,,,,,,,,,1,0,1,0,1,0,1,0,1,0,1,0,1,0,1,Hay April 7 2009.cal,1,Hay April 7 2009.cal,2,Hay April 7 2009.cal,3,Hay April 7 2009.cal,4,Hay April 7 2009.cal,5,Hay April 7 2009.cal,6,Hay April 7 2009.cal,7,Hay April 7 2009.cal,8,Hay April 7 2009.cal,9,Hay April 7 2009.cal,10,Hay April 7 2009.cal,11,Hay April 7 2009.cal,12,Hay April 7 2009.cal,13,Hay April 7 2009.cal,14,Hay April 7 2009.cal,16,Hay April 7 2009.cal,17,Hay April 7 2009.cal,18,Hay April 7 2009.cal,19,Hay April 7 2009.cal,21,Hay April 7 2009.cal,22,SNIR6032,Unknown,"Large Tray, rotating",1,1,"Large Tray, rotating",1,1,,4.42,5,10,3.32,5,10,3.52,5,10,2.96,5,10,3.92,5,10,3.16,5,10,4.17,5,10,4.26,5,10,3.63,5,10,2.22,5,10,4.02,5,10,13.4,5,10,6.19,5,10,18.11,5,10,3.29,5,10,6.82,5,10,3.44,5,10,5.71,5,10,3.14,5,10,2.38,5,10
Mob Graze,Morris,2019,spring.pregraze,iwg,208,90574,,,,,104.34,4.74,0.33,37.86,94.78,2.26,0.02,5.76,0.72,-3.29,1.65,101.86,107.09,38.27,0.17,2.24,-0.17,0.15,-0.02,0.01,,,,,,,,,,,,,,,,,,,,,,,,,,1,0,1,0,1,0,1,0,1,0,1,0,1,0,1,Hay April 7 2009.cal,1,Hay April 7 2009.cal,2,Hay April 7 2009.cal,3,Hay April 7 2009.cal,4,Hay April 7 2009.cal,5,Hay April 7 2009.cal,6,Hay April 7 2009.cal,7,Hay April 7 2009.cal,8,Hay April 7 2009.cal,9,Hay April 7 2009.cal,10,Hay April 7 2009.cal,11,Hay April 7 2009.cal,12,Hay April 7 2009.cal,13,Hay April 7 2009.cal,14,Hay April 7 2009.cal,16,Hay April 7 2009.cal,17,Hay April 7 2009.cal,18,Hay April 7 2009.cal,19,Hay April 7 2009.cal,21,Hay April 7 2009.cal,22,SNIR6032,Unknown,"Large Tray, rotating",1,1,"Large Tray, rotating",1,1,,3.13,5,10,2.17,5,10,1.76,5,10,1.96,5,10,2.52,5,10,1.78,5,10,3.27,5,10,3.09,5,10,2.68,5,10,1.21,5,10,2.29,5,10,3.31,5,10,3.22,5,10,8.66,5,10,3.07,5,10,5.68,5,10,2.94,5,10,2.29,5,10,2.42,5,10,1.04,5,10
Mob Graze,Morris,2019,spring.pregraze,iwg,301,90575,,,,,93.31,4.85,0.67,46.85,77.41,1.68,4.09,7.11,1.64,1.78,10.11,64.42,62.07,46.45,0.1,0.2,1.76,0.13,0.15,0.12,,,,,,,,,,,,,,,,,,,,,,,,,,1,0,1,0,1,0,1,0,1,0,1,0,1,0,1,Hay April 7 2009.cal,1,Hay April 7 2009.cal,2,Hay April 7 2009.cal,3,Hay April 7 2009.cal,4,Hay April 7 2009.cal,5,Hay April 7 2009.cal,6,Hay April 7 2009.cal,7,Hay April 7 2009.cal,8,Hay April 7 2009.cal,9,Hay April 7 2009.cal,10,Hay April 7 2009.cal,11,Hay April 7 2009.cal,12,Hay April 7 2009.cal,13,Hay April 7 2009.cal,14,Hay April 7 2009.cal,16,Hay April 7 2009.cal,17,Hay April 7 2009.cal,18,Hay April 7 2009.cal,19,Hay April 7 2009.cal,21,Hay April 7 2009.cal,22,SNIR6032,Unknown,"Large Tray, rotating",1,1,"Large Tray, rotating",1,1,,2.87,5,10,2.24,5,10,2.15,5,10,1.9,5,10,2.65,5,10,1.77,5,10,2.77,5,10,3.06,5,10,2.39,5,10,1.4,5,10,2.55,5,10,3.85,5,10,2.5,5,10,7.04,5,10,2.56,5,10,5.67,5,10,2.89,5,10,2.81,5,10,2.18,5,10,1.51,5,10
Mob Graze,Morris,2019,spring.pregraze,iwg,302,90576,,,,,93.99,3.26,0.64,47.06,80.33,1.67,3.39,6.7,1.56,0.26,9.91,69.86,67.09,49.06,0.02,0.25,1.32,0.12,0.13,0.1,,,,,,,,,,,,,,,,,,,,,,,,,,1,0,1,0,1,0,1,0,1,0,1,0,1,0,1,Hay April 7 2009.cal,1,Hay April 7 2009.cal,2,Hay April 7 2009.cal,3,Hay April 7 2009.cal,4,Hay April 7 2009.cal,5,Hay April 7 2009.cal,6,Hay April 7 2009.cal,7,Hay April 7 2009.cal,8,Hay April 7 2009.cal,9,Hay April 7 2009.cal,10,Hay April 7 2009.cal,11,Hay April 7 2009.cal,12,Hay April 7 2009.cal,13,Hay April 7 2009.cal,14,Hay April 7 2009.cal,16,Hay April 7 2009.cal,17,Hay April 7 2009.cal,18,Hay April 7 2009.cal,19,Hay April 7 2009.cal,21,Hay April 7 2009.cal,22,SNIR6032,Unknown,"Large Tray, rotating",1,1,"Large Tray, rotating",1,1,,2.07,5,10,1.62,5,10,1.5,5,10,1.34,5,10,1.86,5,10,1.22,5,10,2.23,5,10,2.47,5,10,1.84,5,10,0.96,5,10,1.87,5,10,2.05,5,10,1.9,5,10,5.34,5,10,1.94,5,10,3.57,5,10,1.87,5,10,1.43,5,10,1.49,5,10,0.77,5,10
Mob Graze,Morris,2019,spring.pregraze,iwg,303,90577,,,,,95.33,3.07,0.66,47.24,84.9,1.72,2.85,7.69,1.27,-0.16,9.04,75.92,73.93,50.87,-0.03,0.47,0.68,0.12,0.1,0.08,,,,,,,,,,,,,,,,,,,,,,,,,,,,,,,,,,,,,,,,,,,,,,,,,,,,,,,,,,,,,,,,,,,,,,,,,,,,,,,,,,,,,,,,,,,,,,,,,,,,,,,,,,,,,,,,,,,,,,,,,,,,,,,,,,,,,,,,,,,,,,,,,,,,,
Mob Graze,Morris,2019,spring.pregraze,iwg,304,90578,,,,,93.44,5,0.68,44.22,76.69,1.75,4.48,5.77,1.72,2.45,10.2,63.85,60.52,43.25,0.07,0.25,1.37,0.16,0.15,0.12,,,,,,,,,,,,,,,,,,,,,,,,,,,,,,,,,,,,,,,,,,,,,,,,,,,,,,,,,,,,,,,,,,,,,,,,,,,,,,,,,,,,,,,,,,,,,,,,,,,,,,,,,,,,,,,,,,,,,,,,,,,,,,,,,,,,,,,,,,,,,,,,,,,,,
Mob Graze,Morris,2019,spring.pregraze,iwg,305,90579,,,,,95.13,2.57,0.79,48.91,85.02,1.65,4.1,7.36,1.5,0.03,6.65,75.18,73.08,53.06,0.12,0.61,0.78,0.17,0.09,0.08,,,,,,,,,,,,,,,,,,,,,,,,,,,,,,,,,,,,,,,,,,,,,,,,,,,,,,,,,,,,,,,,,,,,,,,,,,,,,,,,,,,,,,,,,,,,,,,,,,,,,,,,,,,,,,,,,,,,,,,,,,,,,,,,,,,,,,,,,,,,,,,,,,,,,
Mob Graze,Morris,2019,spring.pregraze,iwg,306,90580,,,,,95.72,3.04,0.85,49.03,87.08,1.75,2.7,8.05,1.5,-1.36,7.15,80.08,79.61,56.31,-0.02,0.64,0.25,0.14,0.07,0.07,,,,,,,,,,,,,,,,,,,,,,,,,,,,,,,,,,,,,,,,,,,,,,,,,,,,,,,,,,,,,,,,,,,,,,,,,,,,,,,,,,,,,,,,,,,,,,,,,,,,,,,,,,,,,,,,,,,,,,,,,,,,,,,,,,,,,,,,,,,,,,,,,,,,,
Mob Graze,Morris,2019,spring.pregraze,iwg,307,90581,,,,,95.44,2.39,0.75,48.41,85.19,1.67,2.39,7.19,1.64,-1.01,8.68,76.27,74.9,50.69,0.07,0.72,0.36,0.16,0.08,0.07,,,,,,,,,,,,,,,,,,,,,,,,,,,,,,,,,,,,,,,,,,,,,,,,,,,,,,,,,,,,,,,,,,,,,,,,,,,,,,,,,,,,,,,,,,,,,,,,,,,,,,,,,,,,,,,,,,,,,,,,,,,,,,,,,,,,,,,,,,,,,,,,,,,,,
Mob Graze,Morris,2019,spring.pregraze,iwg,308,90582,,,,,98.83,6.96,0.94,48.58,91.48,1.77,4.2,7.01,1.94,2.62,2.58,88.29,87.78,52.66,0.23,1.05,0.07,0.2,0.07,0.08,,,,,,,,,,,,,,,,,,,,,,,,,,,,,,,,,,,,,,,,,,,,,,,,,,,,,,,,,,,,,,,,,,,,,,,,,,,,,,,,,,,,,,,,,,,,,,,,,,,,,,,,,,,,,,,,,,,,,,,,,,,,,,,,,,,,,,,,,,,,,,,,,,,,,
Mob Graze,Morris,2019,spring.pregraze,alf,101,90583,,,,,94.06,15.48,1.38,50.71,68.31,1.48,6.87,11.09,2.82,9.11,3.02,62.77,63.58,50.59,1.02,0.31,1.86,0.23,0.17,0.19,,,,,,,,,,,,,,,,,,,,,,,,,,,,,,,,,,,,,,,,,,,,,,,,,,,,,,,,,,,,,,,,,,,,,,,,,,,,,,,,,,,,,,,,,,,,,,,,,,,,,,,,,,,,,,,,,,,,,,,,,,,,,,,,,,,,,,,,,,,,,,,,,,,,,
Mob Graze,Morris,2019,spring.pregraze,alf,104,90584,,,,,93.76,13.57,1.28,51.33,70.54,1.65,4.69,10.95,2.55,7.33,3.58,65.01,65.1,53.61,0.85,0.17,1.69,0.22,0.17,0.17,,,,,,,,,,,,,,,,,,,,,,,,,,,,,,,,,,,,,,,,,,,,,,,,,,,,,,,,,,,,,,,,,,,,,,,,,,,,,,,,,,,,,,,,,,,,,,,,,,,,,,,,,,,,,,,,,,,,,,,,,,,,,,,,,,,,,,,,,,,,,,,,,,,,,
Mob Graze,Morris,2019,spring.pregraze,alf,106,90585,,,,,92.95,14.64,1.44,51.37,69.38,1.44,6.08,11.05,2.94,8.25,4.53,62.8,63.56,51.74,0.98,-0.07,1.82,0.2,0.17,0.18,,,,,,,,,,,,,,,,,,,,,,,,,,,,,,,,,,,,,,,,,,,,,,,,,,,,,,,,,,,,,,,,,,,,,,,,,,,,,,,,,,,,,,,,,,,,,,,,,,,,,,,,,,,,,,,,,,,,,,,,,,,,,,,,,,,,,,,,,,,,,,,,,,,,,
Mob Graze,Morris,2019,spring.pregraze,alf,107,90586,,,,,,,,,,,,,,,,,,,,,,,,,,,,,,,,,,,,,,,,,,,,,,,,,,,,,,,,,,,,,,,,,,,,,,,,,,,,,,,,,,,,,,,,,,,,,,,,,,,,,,,,,,,,,,,,,,,,,,,,,,,,,,,,,,,,,,,,,,,,,,,,,,,,,,,,,,,,,,,,,,,,,,,,,,,,,
Mob Graze,Morris,2019,spring.pregraze,alf,202,90587,,,,,93.48,12.52,1.46,53.43,72.48,1.37,4.67,11.71,2.68,5.69,4.26,67.33,68.2,57.24,0.86,0.03,1.52,0.18,0.15,0.16,,,,,,,,,,,,,,,,,,,,,,,,,,,,,,,,,,,,,,,,,,,,,,,,,,,,,,,,,,,,,,,,,,,,,,,,,,,,,,,,,,,,,,,,,,,,,,,,,,,,,,,,,,,,,,,,,,,,,,,,,,,,,,,,,,,,,,,,,,,,,,,,,,,,,
Mob Graze,Morris,2019,spring.pregraze,alf,204,90588,,,,,93.66,15.06,1.31,51.41,68.28,1.53,6.64,11.15,2.64,7.88,4.03,61.36,61.14,48.88,0.95,0.3,2.05,0.22,0.18,0.17,,,,,,,,,,,,,,,,,,,,,,,,,,,,,,,,,,,,,,,,,,,,,,,,,,,,,,,,,,,,,,,,,,,,,,,,,,,,,,,,,,,,,,,,,,,,,,,,,,,,,,,,,,,,,,,,,,,,,,,,,,,,,,,,,,,,,,,,,,,,,,,,,,,,,
Mob Graze,Morris,2019,spring.pregraze,alf,205,90589,,,,,93.04,13.84,1.31,50.16,69.06,1.69,5.08,10.52,2.69,8.18,3.91,63.03,62.61,52.02,0.88,0.22,1.83,0.25,0.18,0.18,,,,,,,,,,,,,,,,,,,,,,,,,,,,,,,,,,,,,,,,,,,,,,,,,,,,,,,,,,,,,,,,,,,,,,,,,,,,,,,,,,,,,,,,,,,,,,,,,,,,,,,,,,,,,,,,,,,,,,,,,,,,,,,,,,,,,,,,,,,,,,,,,,,,,
Mob Graze,Morris,2019,spring.pregraze,alf,207,90590,,,,,92.98,13.87,1.46,51.28,68.41,1.44,5.77,10.91,2.6,8.42,4.48,63.2,64.18,53.95,1.11,0.33,1.22,0.25,0.14,0.18,,,,,,,,,,,,,,,,,,,,,,,,,,,,,,,,,,,,,,,,,,,,,,,,,,,,,,,,,,,,,,,,,,,,,,,,,,,,,,,,,,,,,,,,,,,,,,,,,,,,,,,,,,,,,,,,,,,,,,,,,,,,,,,,,,,,,,,,,,,,,,,,,,,,,
Mob Graze,Morris,2019,spring.pregraze,alf,301,90591,,,,,92.84,15.19,1.53,49.14,66.92,1.52,6.19,10.05,2.92,9.49,4.07,59.21,59.79,49.61,0.99,0.24,1.75,0.23,0.18,0.2,,,,,,,,,,,,,,,,,,,,,,,,,,,,,,,,,,,,,,,,,,,,,,,,,,,,,,,,,,,,,,,,,,,,,,,,,,,,,,,,,,,,,,,,,,,,,,,,,,,,,,,,,,,,,,,,,,,,,,,,,,,,,,,,,,,,,,,,,,,,,,,,,,,,,
Mob Graze,Morris,2019,spring.pregraze,alf,304,90592,,,,,92.66,15.49,1.44,46.67,65.74,1.6,6.65,9.18,3.04,10.77,3.89,57.06,56.76,45.6,1,0.35,2.08,0.23,0.2,0.21,,,,,,,,,,,,,,,,,,,,,,,,,,,,,,,,,,,,,,,,,,,,,,,,,,,,,,,,,,,,,,,,,,,,,,,,,,,,,,,,,,,,,,,,,,,,,,,,,,,,,,,,,,,,,,,,,,,,,,,,,,,,,,,,,,,,,,,,,,,,,,,,,,,,,
Mob Graze,Morris,2019,spring.pregraze,alf,305,90593,,,,,93,15.29,1.52,50.75,66.69,1.38,6.81,11.33,2.86,8.94,3.52,59.51,60.85,50.56,1.12,0.2,1.95,0.22,0.17,0.19,,,,,,,,,,,,,,,,,,,,,,,,,,,,,,,,,,,,,,,,,,,,,,,,,,,,,,,,,,,,,,,,,,,,,,,,,,,,,,,,,,,,,,,,,,,,,,,,,,,,,,,,,,,,,,,,,,,,,,,,,,,,,,,,,,,,,,,,,,,,,,,,,,,,,
Mob Graze,Morris,2019,spring.pregraze,alf,308,90594,,,,,93.32,14.13,1.37,51.68,68.96,1.42,5.85,10.95,2.65,7.87,3.28,63.32,64.02,53.98,0.96,0.25,1.87,0.19,0.16,0.18,,,,,,,,,,,,,,,,,,,,,,,,,,,,,,,,,,,,,,,,,,,,,,,,,,,,,,,,,,,,,,,,,,,,,,,,,,,,,,,,,,,,,,,,,,,,,,,,,,,,,,,,,,,,,,,,,,,,,,,,,,,,,,,,,,,,,,,,,,,,,,,,,,,,,